name,unit,date,value,desc,doc
C,20,01/01/2013,78.3,All items,
C,20,02/01/2013,79.4,All items,
C,20,03/01/2013,79.5,All items,
C,20,04/01/2013,80.1,All items,
C,20,05/01/2013,80.2,All items,
C,20,06/01/2013,80.4,All items,
C,20,07/01/2013,80.7,All items,
C,20,08/01/2013,81.1,All items,
C,20,09/01/2013,81.3,All items,
C,20,10/01/2013,81.4,All items,
C,20,11/01/2013,81.4,All items,
C,20,12/01/2013,81.6,All items,
C,20,01/01/2014,81.9,All items,
C,20,02/01/2014,83.1,All items,
C,20,03/01/2014,83.6,All items,
C,20,04/01/2014,84.3,All items,
C,20,05/01/2014,84.6,All items,
C,20,06/01/2014,84.6,All items,
C,20,07/01/2014,85.7,All items,
C,20,08/01/2014,86.0,All items,
C,20,09/01/2014,86.4,All items,
C,20,10/01/2014,86.5,All items,
C,20,11/01/2014,86.7,All items,
C,20,12/01/2014,86.6,All items,
C,20,01/01/2015,86.5,All items,
C,20,02/01/2015,87.2,All items,
C,20,03/01/2015,87.5,All items,
C,20,04/01/2015,88.5,All items,
C,20,05/01/2015,89.1,All items,
C,20,06/01/2015,89.5,All items,
C,20,07/01/2015,89.9,All items,
C,20,08/01/2015,90.1,All items,
C,20,09/01/2015,90.3,All items,
C,20,10/01/2015,90.4,All items,
C,20,11/01/2015,90.6,All items,
C,20,12/01/2015,90.8,All items,
C,20,01/01/2016,91.3,All items,
C,20,02/01/2016,93.6,All items,
C,20,03/01/2016,94.4,All items,
C,20,04/01/2016,96.0,All items,
C,20,05/01/2016,96.2,All items,
C,20,06/01/2016,96.2,All items,
C,20,07/01/2016,96.5,All items,
C,20,08/01/2016,97.3,All items,
C,20,09/01/2016,97.8,All items,
C,20,10/01/2016,97.9,All items,
C,20,11/01/2016,98.5,All items,
C,20,12/01/2016,98.7,All items,
C,20,01/01/2017,98.9,All items,
C,20,02/01/2017,99.9,All items,
C,20,03/01/2017,100.0,All items,
C,20,04/01/2017,102.8,All items,
C,20,05/01/2017,103.1,All items,
C,20,06/01/2017,102.8,All items,
C,20,07/01/2017,103.0,All items,
C,20,08/01/2017,103.0,All items,
C,20,09/01/2017,103.0,All items,
C,20,10/01/2017,103.1,All items,
C,20,11/01/2017,103.3,All items,
C,20,12/01/2017,103.4,All items,
C,20,01/01/2018,103.4,All items,
C,20,02/01/2018,104.0,All items,
C,20,03/01/2018,104.0,All items,
C,20,04/01/2018,107.7,All items,
C,20,05/01/2018,108.0,All items,
C,20,06/01/2018,110.1,All items,
C,20,07/01/2018,110.6,All items,
C,20,08/01/2018,111.1,All items,
C,20,09/01/2018,112.0,All items,
C.01,20,01/01/2013,72.0,Food and non-alcoholic beverages,
C.01,20,02/01/2013,72.8,Food and non-alcoholic beverages,
C.01,20,03/01/2013,73.0,Food and non-alcoholic beverages,
C.01,20,04/01/2013,72.8,Food and non-alcoholic beverages,
C.01,20,05/01/2013,72.9,Food and non-alcoholic beverages,
C.01,20,06/01/2013,73.0,Food and non-alcoholic beverages,
C.01,20,07/01/2013,73.5,Food and non-alcoholic beverages,
C.01,20,08/01/2013,73.4,Food and non-alcoholic beverages,
C.01,20,09/01/2013,74.0,Food and non-alcoholic beverages,
C.01,20,10/01/2013,74.0,Food and non-alcoholic beverages,
C.01,20,11/01/2013,73.9,Food and non-alcoholic beverages,
C.01,20,12/01/2013,74.3,Food and non-alcoholic beverages,
C.01,20,01/01/2014,75.3,Food and non-alcoholic beverages,
C.01,20,02/01/2014,76.1,Food and non-alcoholic beverages,
C.01,20,03/01/2014,76.7,Food and non-alcoholic beverages,
C.01,20,04/01/2014,77.6,Food and non-alcoholic beverages,
C.01,20,05/01/2014,78.3,Food and non-alcoholic beverages,
C.01,20,06/01/2014,78.3,Food and non-alcoholic beverages,
C.01,20,07/01/2014,78.5,Food and non-alcoholic beverages,
C.01,20,08/01/2014,78.7,Food and non-alcoholic beverages,
C.01,20,09/01/2014,78.9,Food and non-alcoholic beverages,
C.01,20,10/01/2014,79.2,Food and non-alcoholic beverages,
C.01,20,11/01/2014,79.3,Food and non-alcoholic beverages,
C.01,20,12/01/2014,78.8,Food and non-alcoholic beverages,
C.01,20,01/01/2015,78.8,Food and non-alcoholic beverages,
C.01,20,02/01/2015,80.1,Food and non-alcoholic beverages,
C.01,20,03/01/2015,80.0,Food and non-alcoholic beverages,
C.01,20,04/01/2015,80.5,Food and non-alcoholic beverages,
C.01,20,05/01/2015,81.0,Food and non-alcoholic beverages,
C.01,20,06/01/2015,81.7,Food and non-alcoholic beverages,
C.01,20,07/01/2015,81.2,Food and non-alcoholic beverages,
C.01,20,08/01/2015,81.4,Food and non-alcoholic beverages,
C.01,20,09/01/2015,82.2,Food and non-alcoholic beverages,
C.01,20,10/01/2015,82.2,Food and non-alcoholic beverages,
C.01,20,11/01/2015,82.4,Food and non-alcoholic beverages,
C.01,20,12/01/2015,83.0,Food and non-alcoholic beverages,
C.01,20,01/01/2016,84.0,Food and non-alcoholic beverages,
C.01,20,02/01/2016,88.5,Food and non-alcoholic beverages,
C.01,20,03/01/2016,90.7,Food and non-alcoholic beverages,
C.01,20,04/01/2016,92.8,Food and non-alcoholic beverages,
C.01,20,05/01/2016,93.2,Food and non-alcoholic beverages,
C.01,20,06/01/2016,93.0,Food and non-alcoholic beverages,
C.01,20,07/01/2016,93.8,Food and non-alcoholic beverages,
C.01,20,08/01/2016,95.6,Food and non-alcoholic beverages,
C.01,20,09/01/2016,96.5,Food and non-alcoholic beverages,
C.01,20,10/01/2016,96.6,Food and non-alcoholic beverages,
C.01,20,11/01/2016,97.8,Food and non-alcoholic beverages,
C.01,20,12/01/2016,98.7,Food and non-alcoholic beverages,
C.01,20,01/01/2017,98.7,Food and non-alcoholic beverages,
C.01,20,02/01/2017,99.8,Food and non-alcoholic beverages,
C.01,20,03/01/2017,100.0,Food and non-alcoholic beverages,
C.01,20,04/01/2017,101.5,Food and non-alcoholic beverages,
C.01,20,05/01/2017,101.9,Food and non-alcoholic beverages,
C.01,20,06/01/2017,100.9,Food and non-alcoholic beverages,
C.01,20,07/01/2017,101.3,Food and non-alcoholic beverages,
C.01,20,08/01/2017,101.2,Food and non-alcoholic beverages,
C.01,20,09/01/2017,101.2,Food and non-alcoholic beverages,
C.01,20,10/01/2017,101.1,Food and non-alcoholic beverages,
C.01,20,11/01/2017,101.3,Food and non-alcoholic beverages,
C.01,20,12/01/2017,101.3,Food and non-alcoholic beverages,
C.01,20,01/01/2018,101.1,Food and non-alcoholic beverages,
C.01,20,02/01/2018,101.0,Food and non-alcoholic beverages,
C.01,20,03/01/2018,100.9,Food and non-alcoholic beverages,
C.01,20,04/01/2018,100.6,Food and non-alcoholic beverages,
C.01,20,05/01/2018,100.6,Food and non-alcoholic beverages,
C.01,20,06/01/2018,101.0,Food and non-alcoholic beverages,
C.01,20,07/01/2018,101.8,Food and non-alcoholic beverages,
C.01,20,08/01/2018,103.1,Food and non-alcoholic beverages,
C.01,20,09/01/2018,104.0,Food and non-alcoholic beverages,
C.02,20,01/01/2013,83.1,"Alcohol beverages, tobacco and narcotics",
C.02,20,02/01/2013,83.9,"Alcohol beverages, tobacco and narcotics",
C.02,20,03/01/2013,84.0,"Alcohol beverages, tobacco and narcotics",
C.02,20,04/01/2013,83.7,"Alcohol beverages, tobacco and narcotics",
C.02,20,05/01/2013,84.6,"Alcohol beverages, tobacco and narcotics",
C.02,20,06/01/2013,84.9,"Alcohol beverages, tobacco and narcotics",
C.02,20,07/01/2013,85.1,"Alcohol beverages, tobacco and narcotics",
C.02,20,08/01/2013,85.0,"Alcohol beverages, tobacco and narcotics",
C.02,20,09/01/2013,84.7,"Alcohol beverages, tobacco and narcotics",
C.02,20,10/01/2013,84.8,"Alcohol beverages, tobacco and narcotics",
C.02,20,11/01/2013,84.8,"Alcohol beverages, tobacco and narcotics",
C.02,20,12/01/2013,85.7,"Alcohol beverages, tobacco and narcotics",
C.02,20,01/01/2014,86.2,"Alcohol beverages, tobacco and narcotics",
C.02,20,02/01/2014,86.4,"Alcohol beverages, tobacco and narcotics",
C.02,20,03/01/2014,89.5,"Alcohol beverages, tobacco and narcotics",
C.02,20,04/01/2014,90.7,"Alcohol beverages, tobacco and narcotics",
C.02,20,05/01/2014,91.0,"Alcohol beverages, tobacco and narcotics",
C.02,20,06/01/2014,91.0,"Alcohol beverages, tobacco and narcotics",
C.02,20,07/01/2014,91.4,"Alcohol beverages, tobacco and narcotics",
C.02,20,08/01/2014,91.6,"Alcohol beverages, tobacco and narcotics",
C.02,20,09/01/2014,91.5,"Alcohol beverages, tobacco and narcotics",
C.02,20,10/01/2014,90.7,"Alcohol beverages, tobacco and narcotics",
C.02,20,11/01/2014,91.1,"Alcohol beverages, tobacco and narcotics",
C.02,20,12/01/2014,91.6,"Alcohol beverages, tobacco and narcotics",
C.02,20,01/01/2015,91.6,"Alcohol beverages, tobacco and narcotics",
C.02,20,02/01/2015,91.3,"Alcohol beverages, tobacco and narcotics",
C.02,20,03/01/2015,93.4,"Alcohol beverages, tobacco and narcotics",
C.02,20,04/01/2015,94.4,"Alcohol beverages, tobacco and narcotics",
C.02,20,05/01/2015,94.4,"Alcohol beverages, tobacco and narcotics",
C.02,20,06/01/2015,94.2,"Alcohol beverages, tobacco and narcotics",
C.02,20,07/01/2015,94.3,"Alcohol beverages, tobacco and narcotics",
C.02,20,08/01/2015,94.1,"Alcohol beverages, tobacco and narcotics",
C.02,20,09/01/2015,92.2,"Alcohol beverages, tobacco and narcotics",
C.02,20,10/01/2015,94.2,"Alcohol beverages, tobacco and narcotics",
C.02,20,11/01/2015,94.4,"Alcohol beverages, tobacco and narcotics",
C.02,20,12/01/2015,94.4,"Alcohol beverages, tobacco and narcotics",
C.02,20,01/01/2016,94.6,"Alcohol beverages, tobacco and narcotics",
C.02,20,02/01/2016,94.6,"Alcohol beverages, tobacco and narcotics",
C.02,20,03/01/2016,95.1,"Alcohol beverages, tobacco and narcotics",
C.02,20,04/01/2016,97.6,"Alcohol beverages, tobacco and narcotics",
C.02,20,05/01/2016,96.1,"Alcohol beverages, tobacco and narcotics",
C.02,20,06/01/2016,96.4,"Alcohol beverages, tobacco and narcotics",
C.02,20,07/01/2016,96.6,"Alcohol beverages, tobacco and narcotics",
C.02,20,08/01/2016,96.8,"Alcohol beverages, tobacco and narcotics",
C.02,20,09/01/2016,96.8,"Alcohol beverages, tobacco and narcotics",
C.02,20,10/01/2016,98.8,"Alcohol beverages, tobacco and narcotics",
C.02,20,11/01/2016,99.5,"Alcohol beverages, tobacco and narcotics",
C.02,20,12/01/2016,99.5,"Alcohol beverages, tobacco and narcotics",
C.02,20,01/01/2017,99.4,"Alcohol beverages, tobacco and narcotics",
C.02,20,02/01/2017,99.6,"Alcohol beverages, tobacco and narcotics",
C.02,20,03/01/2017,100.0,"Alcohol beverages, tobacco and narcotics",
C.02,20,04/01/2017,101.2,"Alcohol beverages, tobacco and narcotics",
C.02,20,05/01/2017,103.0,"Alcohol beverages, tobacco and narcotics",
C.02,20,06/01/2017,103.2,"Alcohol beverages, tobacco and narcotics",
C.02,20,07/01/2017,103.7,"Alcohol beverages, tobacco and narcotics",
C.02,20,08/01/2017,104.6,"Alcohol beverages, tobacco and narcotics",
C.02,20,09/01/2017,104.9,"Alcohol beverages, tobacco and narcotics",
C.02,20,10/01/2017,105.3,"Alcohol beverages, tobacco and narcotics",
C.02,20,11/01/2017,105.5,"Alcohol beverages, tobacco and narcotics",
C.02,20,12/01/2017,105.4,"Alcohol beverages, tobacco and narcotics",
C.02,20,01/01/2018,105.8,"Alcohol beverages, tobacco and narcotics",
C.02,20,02/01/2018,105.8,"Alcohol beverages, tobacco and narcotics",
C.02,20,03/01/2018,105.7,"Alcohol beverages, tobacco and narcotics",
C.02,20,04/01/2018,105.9,"Alcohol beverages, tobacco and narcotics",
C.02,20,05/01/2018,105.9,"Alcohol beverages, tobacco and narcotics",
C.02,20,06/01/2018,107.0,"Alcohol beverages, tobacco and narcotics",
C.02,20,07/01/2018,107.2,"Alcohol beverages, tobacco and narcotics",
C.02,20,08/01/2018,107.6,"Alcohol beverages, tobacco and narcotics",
C.02,20,09/01/2018,108.0,"Alcohol beverages, tobacco and narcotics",
C.03,20,01/01/2013,75.3,Clothing and footware,
C.03,20,02/01/2013,75.1,Clothing and footware,
C.03,20,03/01/2013,75.2,Clothing and footware,
C.03,20,04/01/2013,75.5,Clothing and footware,
C.03,20,05/01/2013,75.9,Clothing and footware,
C.03,20,06/01/2013,76.1,Clothing and footware,
C.03,20,07/01/2013,76.6,Clothing and footware,
C.03,20,08/01/2013,77.3,Clothing and footware,
C.03,20,09/01/2013,77.6,Clothing and footware,
C.03,20,10/01/2013,78.3,Clothing and footware,
C.03,20,11/01/2013,78.5,Clothing and footware,
C.03,20,12/01/2013,78.7,Clothing and footware,
C.03,20,01/01/2014,78.9,Clothing and footware,
C.03,20,02/01/2014,79.2,Clothing and footware,
C.03,20,03/01/2014,81.3,Clothing and footware,
C.03,20,04/01/2014,81.5,Clothing and footware,
C.03,20,05/01/2014,81.6,Clothing and footware,
C.03,20,06/01/2014,81.8,Clothing and footware,
C.03,20,07/01/2014,82.1,Clothing and footware,
C.03,20,08/01/2014,82.7,Clothing and footware,
C.03,20,09/01/2014,83.5,Clothing and footware,
C.03,20,10/01/2014,84.5,Clothing and footware,
C.03,20,11/01/2014,85.2,Clothing and footware,
C.03,20,12/01/2014,85.7,Clothing and footware,
C.03,20,01/01/2015,86.4,Clothing and footware,
C.03,20,02/01/2015,87.6,Clothing and footware,
C.03,20,03/01/2015,87.9,Clothing and footware,
C.03,20,04/01/2015,88.0,Clothing and footware,
C.03,20,05/01/2015,88.1,Clothing and footware,
C.03,20,06/01/2015,88.7,Clothing and footware,
C.03,20,07/01/2015,88.6,Clothing and footware,
C.03,20,08/01/2015,88.6,Clothing and footware,
C.03,20,09/01/2015,89.1,Clothing and footware,
C.03,20,10/01/2015,90.4,Clothing and footware,
C.03,20,11/01/2015,90.7,Clothing and footware,
C.03,20,12/01/2015,90.6,Clothing and footware,
C.03,20,01/01/2016,90.3,Clothing and footware,
C.03,20,02/01/2016,91.9,Clothing and footware,
C.03,20,03/01/2016,92.9,Clothing and footware,
C.03,20,04/01/2016,92.8,Clothing and footware,
C.03,20,05/01/2016,93.3,Clothing and footware,
C.03,20,06/01/2016,93.7,Clothing and footware,
C.03,20,07/01/2016,94.3,Clothing and footware,
C.03,20,08/01/2016,95.0,Clothing and footware,
C.03,20,09/01/2016,97.1,Clothing and footware,
C.03,20,10/01/2016,98.3,Clothing and footware,
C.03,20,11/01/2016,98.8,Clothing and footware,
C.03,20,12/01/2016,98.9,Clothing and footware,
C.03,20,01/01/2017,99.2,Clothing and footware,
C.03,20,02/01/2017,100.0,Clothing and footware,
C.03,20,03/01/2017,100.0,Clothing and footware,
C.03,20,04/01/2017,99.7,Clothing and footware,
C.03,20,05/01/2017,100.2,Clothing and footware,
C.03,20,06/01/2017,100.5,Clothing and footware,
C.03,20,07/01/2017,100.1,Clothing and footware,
C.03,20,08/01/2017,99.1,Clothing and footware,
C.03,20,09/01/2017,98.6,Clothing and footware,
C.03,20,10/01/2017,98.1,Clothing and footware,
C.03,20,11/01/2017,98.1,Clothing and footware,
C.03,20,12/01/2017,97.9,Clothing and footware,
C.03,20,01/01/2018,97.5,Clothing and footware,
C.03,20,02/01/2018,97.3,Clothing and footware,
C.03,20,03/01/2018,97.8,Clothing and footware,
C.03,20,04/01/2018,97.8,Clothing and footware,
C.03,20,05/01/2018,98.2,Clothing and footware,
C.03,20,06/01/2018,98.2,Clothing and footware,
C.03,20,07/01/2018,98.7,Clothing and footware,
C.03,20,08/01/2018,98.7,Clothing and footware,
C.03,20,09/01/2018,99.1,Clothing and footware,
C.04,20,01/01/2013,84.4,"Housing, water, electricity, gas, and other fuels",
C.04,20,02/01/2013,84.4,"Housing, water, electricity, gas, and other fuels",
C.04,20,03/01/2013,84.3,"Housing, water, electricity, gas, and other fuels",
C.04,20,04/01/2013,87.7,"Housing, water, electricity, gas, and other fuels",
C.04,20,05/01/2013,87.7,"Housing, water, electricity, gas, and other fuels",
C.04,20,06/01/2013,88.2,"Housing, water, electricity, gas, and other fuels",
C.04,20,07/01/2013,88.4,"Housing, water, electricity, gas, and other fuels",
C.04,20,08/01/2013,88.8,"Housing, water, electricity, gas, and other fuels",
C.04,20,09/01/2013,88.8,"Housing, water, electricity, gas, and other fuels",
C.04,20,10/01/2013,88.8,"Housing, water, electricity, gas, and other fuels",
C.04,20,11/01/2013,88.8,"Housing, water, electricity, gas, and other fuels",
C.04,20,12/01/2013,88.9,"Housing, water, electricity, gas, and other fuels",
C.04,20,01/01/2014,89.0,"Housing, water, electricity, gas, and other fuels",
C.04,20,02/01/2014,89.0,"Housing, water, electricity, gas, and other fuels",
C.04,20,03/01/2014,89.2,"Housing, water, electricity, gas, and other fuels",
C.04,20,04/01/2014,90.6,"Housing, water, electricity, gas, and other fuels",
C.04,20,05/01/2014,90.6,"Housing, water, electricity, gas, and other fuels",
C.04,20,06/01/2014,90.7,"Housing, water, electricity, gas, and other fuels",
C.04,20,07/01/2014,90.8,"Housing, water, electricity, gas, and other fuels",
C.04,20,08/01/2014,90.8,"Housing, water, electricity, gas, and other fuels",
C.04,20,09/01/2014,91.1,"Housing, water, electricity, gas, and other fuels",
C.04,20,10/01/2014,91.0,"Housing, water, electricity, gas, and other fuels",
C.04,20,11/01/2014,91.1,"Housing, water, electricity, gas, and other fuels",
C.04,20,12/01/2014,91.3,"Housing, water, electricity, gas, and other fuels",
C.04,20,01/01/2015,91.3,"Housing, water, electricity, gas, and other fuels",
C.04,20,02/01/2015,91.1,"Housing, water, electricity, gas, and other fuels",
C.04,20,03/01/2015,91.9,"Housing, water, electricity, gas, and other fuels",
C.04,20,04/01/2015,93.5,"Housing, water, electricity, gas, and other fuels",
C.04,20,05/01/2015,95.2,"Housing, water, electricity, gas, and other fuels",
C.04,20,06/01/2015,95.1,"Housing, water, electricity, gas, and other fuels",
C.04,20,07/01/2015,96.3,"Housing, water, electricity, gas, and other fuels",
C.04,20,08/01/2015,96.0,"Housing, water, electricity, gas, and other fuels",
C.04,20,09/01/2015,96.0,"Housing, water, electricity, gas, and other fuels",
C.04,20,10/01/2015,96.2,"Housing, water, electricity, gas, and other fuels",
C.04,20,11/01/2015,96.2,"Housing, water, electricity, gas, and other fuels",
C.04,20,12/01/2015,96.3,"Housing, water, electricity, gas, and other fuels",
C.04,20,01/01/2016,96.5,"Housing, water, electricity, gas, and other fuels",
C.04,20,02/01/2016,96.5,"Housing, water, electricity, gas, and other fuels",
C.04,20,03/01/2016,96.5,"Housing, water, electricity, gas, and other fuels",
C.04,20,04/01/2016,99.5,"Housing, water, electricity, gas, and other fuels",
C.04,20,05/01/2016,99.6,"Housing, water, electricity, gas, and other fuels",
C.04,20,06/01/2016,99.9,"Housing, water, electricity, gas, and other fuels",
C.04,20,07/01/2016,99.9,"Housing, water, electricity, gas, and other fuels",
C.04,20,08/01/2016,99.8,"Housing, water, electricity, gas, and other fuels",
C.04,20,09/01/2016,99.8,"Housing, water, electricity, gas, and other fuels",
C.04,20,10/01/2016,99.8,"Housing, water, electricity, gas, and other fuels",
C.04,20,11/01/2016,99.8,"Housing, water, electricity, gas, and other fuels",
C.04,20,12/01/2016,99.8,"Housing, water, electricity, gas, and other fuels",
C.04,20,01/01/2017,99.8,"Housing, water, electricity, gas, and other fuels",
C.04,20,02/01/2017,100.0,"Housing, water, electricity, gas, and other fuels",
C.04,20,03/01/2017,100.0,"Housing, water, electricity, gas, and other fuels",
C.04,20,04/01/2017,107.7,"Housing, water, electricity, gas, and other fuels",
C.04,20,05/01/2017,107.8,"Housing, water, electricity, gas, and other fuels",
C.04,20,06/01/2017,107.8,"Housing, water, electricity, gas, and other fuels",
C.04,20,07/01/2017,107.9,"Housing, water, electricity, gas, and other fuels",
C.04,20,08/01/2017,107.9,"Housing, water, electricity, gas, and other fuels",
C.04,20,09/01/2017,107.9,"Housing, water, electricity, gas, and other fuels",
C.04,20,10/01/2017,108.0,"Housing, water, electricity, gas, and other fuels",
C.04,20,11/01/2017,108.0,"Housing, water, electricity, gas, and other fuels",
C.04,20,12/01/2017,108.0,"Housing, water, electricity, gas, and other fuels",
C.04,20,01/01/2018,108.0,"Housing, water, electricity, gas, and other fuels",
C.04,20,02/01/2018,108.1,"Housing, water, electricity, gas, and other fuels",
C.04,20,03/01/2018,108.1,"Housing, water, electricity, gas, and other fuels",
C.04,20,04/01/2018,122.0,"Housing, water, electricity, gas, and other fuels",
C.04,20,05/01/2018,122.7,"Housing, water, electricity, gas, and other fuels",
C.04,20,06/01/2018,122.9,"Housing, water, electricity, gas, and other fuels",
C.04,20,07/01/2018,123.5,"Housing, water, electricity, gas, and other fuels",
C.04,20,08/01/2018,124.0,"Housing, water, electricity, gas, and other fuels",
C.04,20,09/01/2018,124.1,"Housing, water, electricity, gas, and other fuels",
C.041,20,01/01/2013,88.2,Actual rentals for housing,
C.041,20,02/01/2013,88.2,Actual rentals for housing,
C.041,20,03/01/2013,88.2,Actual rentals for housing,
C.041,20,04/01/2013,92.7,Actual rentals for housing,
C.041,20,05/01/2013,92.7,Actual rentals for housing,
C.041,20,06/01/2013,92.7,Actual rentals for housing,
C.041,20,07/01/2013,92.7,Actual rentals for housing,
C.041,20,08/01/2013,92.7,Actual rentals for housing,
C.041,20,09/01/2013,92.7,Actual rentals for housing,
C.041,20,10/01/2013,92.7,Actual rentals for housing,
C.041,20,11/01/2013,92.7,Actual rentals for housing,
C.041,20,12/01/2013,92.7,Actual rentals for housing,
C.041,20,01/01/2014,92.7,Actual rentals for housing,
C.041,20,02/01/2014,92.7,Actual rentals for housing,
C.041,20,03/01/2014,92.7,Actual rentals for housing,
C.041,20,04/01/2014,92.7,Actual rentals for housing,
C.041,20,05/01/2014,92.7,Actual rentals for housing,
C.041,20,06/01/2014,92.7,Actual rentals for housing,
C.041,20,07/01/2014,92.7,Actual rentals for housing,
C.041,20,08/01/2014,92.7,Actual rentals for housing,
C.041,20,09/01/2014,92.7,Actual rentals for housing,
C.041,20,10/01/2014,92.7,Actual rentals for housing,
C.041,20,11/01/2014,92.8,Actual rentals for housing,
C.041,20,12/01/2014,92.8,Actual rentals for housing,
C.041,20,01/01/2015,92.8,Actual rentals for housing,
C.041,20,02/01/2015,92.8,Actual rentals for housing,
C.041,20,03/01/2015,93.8,Actual rentals for housing,
C.041,20,04/01/2015,96.3,Actual rentals for housing,
C.041,20,05/01/2015,96.3,Actual rentals for housing,
C.041,20,06/01/2015,96.3,Actual rentals for housing,
C.041,20,07/01/2015,97.6,Actual rentals for housing,
C.041,20,08/01/2015,97.6,Actual rentals for housing,
C.041,20,09/01/2015,97.6,Actual rentals for housing,
C.041,20,10/01/2015,97.6,Actual rentals for housing,
C.041,20,11/01/2015,97.6,Actual rentals for housing,
C.041,20,12/01/2015,97.6,Actual rentals for housing,
C.041,20,01/01/2016,97.6,Actual rentals for housing,
C.041,20,02/01/2016,97.6,Actual rentals for housing,
C.041,20,03/01/2016,97.6,Actual rentals for housing,
C.041,20,04/01/2016,100.0,Actual rentals for housing,
C.041,20,05/01/2016,100.0,Actual rentals for housing,
C.041,20,06/01/2016,100.0,Actual rentals for housing,
C.041,20,07/01/2016,100.0,Actual rentals for housing,
C.041,20,08/01/2016,100.0,Actual rentals for housing,
C.041,20,09/01/2016,100.0,Actual rentals for housing,
C.041,20,10/01/2016,100.0,Actual rentals for housing,
C.041,20,11/01/2016,100.0,Actual rentals for housing,
C.041,20,12/01/2016,100.0,Actual rentals for housing,
C.041,20,01/01/2017,100.0,Actual rentals for housing,
C.041,20,02/01/2017,100.0,Actual rentals for housing,
C.041,20,03/01/2017,100.0,Actual rentals for housing,
C.041,20,04/01/2017,106.8,Actual rentals for housing,
C.041,20,05/01/2017,106.8,Actual rentals for housing,
C.041,20,06/01/2017,106.8,Actual rentals for housing,
C.041,20,07/01/2017,106.8,Actual rentals for housing,
C.041,20,08/01/2017,106.8,Actual rentals for housing,
C.041,20,09/01/2017,106.8,Actual rentals for housing,
C.041,20,10/01/2017,106.8,Actual rentals for housing,
C.041,20,11/01/2017,106.8,Actual rentals for housing,
C.041,20,12/01/2017,106.8,Actual rentals for housing,
C.041,20,01/01/2018,106.8,Actual rentals for housing,
C.041,20,02/01/2018,106.8,Actual rentals for housing,
C.041,20,03/01/2018,106.8,Actual rentals for housing,
C.041,20,04/01/2018,122.8,Actual rentals for housing,
C.041,20,05/01/2018,122.8,Actual rentals for housing,
C.041,20,06/01/2018,122.8,Actual rentals for housing,
C.041,20,07/01/2018,122.8,Actual rentals for housing,
C.041,20,08/01/2018,122.8,Actual rentals for housing,
C.041,20,09/01/2018,122.8,Actual rentals for housing,
C.05,20,01/01/2013,80.9,"Furnishing, household equipment and routine household maintenance",
C.05,20,02/01/2013,81.0,"Furnishing, household equipment and routine household maintenance",
C.05,20,03/01/2013,81.7,"Furnishing, household equipment and routine household maintenance",
C.05,20,04/01/2013,81.5,"Furnishing, household equipment and routine household maintenance",
C.05,20,05/01/2013,82.1,"Furnishing, household equipment and routine household maintenance",
C.05,20,06/01/2013,81.7,"Furnishing, household equipment and routine household maintenance",
C.05,20,07/01/2013,81.7,"Furnishing, household equipment and routine household maintenance",
C.05,20,08/01/2013,82.0,"Furnishing, household equipment and routine household maintenance",
C.05,20,09/01/2013,82.3,"Furnishing, household equipment and routine household maintenance",
C.05,20,10/01/2013,82.7,"Furnishing, household equipment and routine household maintenance",
C.05,20,11/01/2013,83.1,"Furnishing, household equipment and routine household maintenance",
C.05,20,12/01/2013,83.7,"Furnishing, household equipment and routine household maintenance",
C.05,20,01/01/2014,84.1,"Furnishing, household equipment and routine household maintenance",
C.05,20,02/01/2014,84.0,"Furnishing, household equipment and routine household maintenance",
C.05,20,03/01/2014,84.1,"Furnishing, household equipment and routine household maintenance",
C.05,20,04/01/2014,84.8,"Furnishing, household equipment and routine household maintenance",
C.05,20,05/01/2014,85.3,"Furnishing, household equipment and routine household maintenance",
C.05,20,06/01/2014,85.8,"Furnishing, household equipment and routine household maintenance",
C.05,20,07/01/2014,86.1,"Furnishing, household equipment and routine household maintenance",
C.05,20,08/01/2014,86.6,"Furnishing, household equipment and routine household maintenance",
C.05,20,09/01/2014,87.2,"Furnishing, household equipment and routine household maintenance",
C.05,20,10/01/2014,87.2,"Furnishing, household equipment and routine household maintenance",
C.05,20,11/01/2014,87.4,"Furnishing, household equipment and routine household maintenance",
C.05,20,12/01/2014,86.7,"Furnishing, household equipment and routine household maintenance",
C.05,20,01/01/2015,87.6,"Furnishing, household equipment and routine household maintenance",
C.05,20,02/01/2015,87.7,"Furnishing, household equipment and routine household maintenance",
C.05,20,03/01/2015,87.3,"Furnishing, household equipment and routine household maintenance",
C.05,20,04/01/2015,87.7,"Furnishing, household equipment and routine household maintenance",
C.05,20,05/01/2015,88.0,"Furnishing, household equipment and routine household maintenance",
C.05,20,06/01/2015,89.3,"Furnishing, household equipment and routine household maintenance",
C.05,20,07/01/2015,89.2,"Furnishing, household equipment and routine household maintenance",
C.05,20,08/01/2015,89.7,"Furnishing, household equipment and routine household maintenance",
C.05,20,09/01/2015,90.4,"Furnishing, household equipment and routine household maintenance",
C.05,20,10/01/2015,90.6,"Furnishing, household equipment and routine household maintenance",
C.05,20,11/01/2015,91.1,"Furnishing, household equipment and routine household maintenance",
C.05,20,12/01/2015,91.4,"Furnishing, household equipment and routine household maintenance",
C.05,20,01/01/2016,91.6,"Furnishing, household equipment and routine household maintenance",
C.05,20,02/01/2016,92.6,"Furnishing, household equipment and routine household maintenance",
C.05,20,03/01/2016,92.9,"Furnishing, household equipment and routine household maintenance",
C.05,20,04/01/2016,92.9,"Furnishing, household equipment and routine household maintenance",
C.05,20,05/01/2016,93.6,"Furnishing, household equipment and routine household maintenance",
C.05,20,06/01/2016,93.5,"Furnishing, household equipment and routine household maintenance",
C.05,20,07/01/2016,94.4,"Furnishing, household equipment and routine household maintenance",
C.05,20,08/01/2016,95.2,"Furnishing, household equipment and routine household maintenance",
C.05,20,09/01/2016,96.4,"Furnishing, household equipment and routine household maintenance",
C.05,20,10/01/2016,95.9,"Furnishing, household equipment and routine household maintenance",
C.05,20,11/01/2016,99.3,"Furnishing, household equipment and routine household maintenance",
C.05,20,12/01/2016,99.3,"Furnishing, household equipment and routine household maintenance",
C.05,20,01/01/2017,100.4,"Furnishing, household equipment and routine household maintenance",
C.05,20,02/01/2017,100.1,"Furnishing, household equipment and routine household maintenance",
C.05,20,03/01/2017,100.0,"Furnishing, household equipment and routine household maintenance",
C.05,20,04/01/2017,100.1,"Furnishing, household equipment and routine household maintenance",
C.05,20,05/01/2017,100.9,"Furnishing, household equipment and routine household maintenance",
C.05,20,06/01/2017,101.4,"Furnishing, household equipment and routine household maintenance",
C.05,20,07/01/2017,101.8,"Furnishing, household equipment and routine household maintenance",
C.05,20,08/01/2017,101.7,"Furnishing, household equipment and routine household maintenance",
C.05,20,09/01/2017,101.6,"Furnishing, household equipment and routine household maintenance",
C.05,20,10/01/2017,102.5,"Furnishing, household equipment and routine household maintenance",
C.05,20,11/01/2017,102.7,"Furnishing, household equipment and routine household maintenance",
C.05,20,12/01/2017,101.7,"Furnishing, household equipment and routine household maintenance",
C.05,20,01/01/2018,102.1,"Furnishing, household equipment and routine household maintenance",
C.05,20,02/01/2018,102.4,"Furnishing, household equipment and routine household maintenance",
C.05,20,03/01/2018,103.0,"Furnishing, household equipment and routine household maintenance",
C.05,20,04/01/2018,103.9,"Furnishing, household equipment and routine household maintenance",
C.05,20,05/01/2018,104.3,"Furnishing, household equipment and routine household maintenance",
C.05,20,06/01/2018,105.0,"Furnishing, household equipment and routine household maintenance",
C.05,20,07/01/2018,105.9,"Furnishing, household equipment and routine household maintenance",
C.05,20,08/01/2018,106.3,"Furnishing, household equipment and routine household maintenance",
C.05,20,09/01/2018,107.0,"Furnishing, household equipment and routine household maintenance",
C.06,20,01/01/2013,86.5,Health,
C.06,20,02/01/2013,86.4,Health,
C.06,20,03/01/2013,86.5,Health,
C.06,20,04/01/2013,86.4,Health,
C.06,20,05/01/2013,86.5,Health,
C.06,20,06/01/2013,86.5,Health,
C.06,20,07/01/2013,86.5,Health,
C.06,20,08/01/2013,95.4,Health,
C.06,20,09/01/2013,95.6,Health,
C.06,20,10/01/2013,95.7,Health,
C.06,20,11/01/2013,95.7,Health,
C.06,20,12/01/2013,95.7,Health,
C.06,20,01/01/2014,95.7,Health,
C.06,20,02/01/2014,95.7,Health,
C.06,20,03/01/2014,95.3,Health,
C.06,20,04/01/2014,95.8,Health,
C.06,20,05/01/2014,95.7,Health,
C.06,20,06/01/2014,95.6,Health,
C.06,20,07/01/2014,95.6,Health,
C.06,20,08/01/2014,98.1,Health,
C.06,20,09/01/2014,98.0,Health,
C.06,20,10/01/2014,98.1,Health,
C.06,20,11/01/2014,98.4,Health,
C.06,20,12/01/2014,98.7,Health,
C.06,20,01/01/2015,98.7,Health,
C.06,20,02/01/2015,99.0,Health,
C.06,20,03/01/2015,99.1,Health,
C.06,20,04/01/2015,99.3,Health,
C.06,20,05/01/2015,99.7,Health,
C.06,20,06/01/2015,99.7,Health,
C.06,20,07/01/2015,99.7,Health,
C.06,20,08/01/2015,99.5,Health,
C.06,20,09/01/2015,99.7,Health,
C.06,20,10/01/2015,99.7,Health,
C.06,20,11/01/2015,99.6,Health,
C.06,20,12/01/2015,99.7,Health,
C.06,20,01/01/2016,99.7,Health,
C.06,20,02/01/2016,99.3,Health,
C.06,20,03/01/2016,99.3,Health,
C.06,20,04/01/2016,99.6,Health,
C.06,20,05/01/2016,99.5,Health,
C.06,20,06/01/2016,99.5,Health,
C.06,20,07/01/2016,99.6,Health,
C.06,20,08/01/2016,99.9,Health,
C.06,20,09/01/2016,99.8,Health,
C.06,20,10/01/2016,100.1,Health,
C.06,20,11/01/2016,100.1,Health,
C.06,20,12/01/2016,100.2,Health,
C.06,20,01/01/2017,100.1,Health,
C.06,20,02/01/2017,100.2,Health,
C.06,20,03/01/2017,100.0,Health,
C.06,20,04/01/2017,100.1,Health,
C.06,20,05/01/2017,100.1,Health,
C.06,20,06/01/2017,100.1,Health,
C.06,20,07/01/2017,100.0,Health,
C.06,20,08/01/2017,100.1,Health,
C.06,20,09/01/2017,100.4,Health,
C.06,20,10/01/2017,100.5,Health,
C.06,20,11/01/2017,100.7,Health,
C.06,20,12/01/2017,100.9,Health,
C.06,20,01/01/2018,101.1,Health,
C.06,20,02/01/2018,101.1,Health,
C.06,20,03/01/2018,101.1,Health,
C.06,20,04/01/2018,101.2,Health,
C.06,20,05/01/2018,101.3,Health,
C.06,20,06/01/2018,101.8,Health,
C.06,20,07/01/2018,102.3,Health,
C.06,20,08/01/2018,102.8,Health,
C.06,20,09/01/2018,103.3,Health,
C.07,20,01/01/2013,78.3,Transport,
C.07,20,02/01/2013,78.2,Transport,
C.07,20,03/01/2013,78.0,Transport,
C.07,20,04/01/2013,78.2,Transport,
C.07,20,05/01/2013,78.2,Transport,
C.07,20,06/01/2013,78.2,Transport,
C.07,20,07/01/2013,78.9,Transport,
C.07,20,08/01/2013,79.0,Transport,
C.07,20,09/01/2013,79.0,Transport,
C.07,20,10/01/2013,79.0,Transport,
C.07,20,11/01/2013,79.0,Transport,
C.07,20,12/01/2013,79.1,Transport,
C.07,20,01/01/2014,79.1,Transport,
C.07,20,02/01/2014,79.5,Transport,
C.07,20,03/01/2014,80.9,Transport,
C.07,20,04/01/2014,80.9,Transport,
C.07,20,05/01/2014,81.0,Transport,
C.07,20,06/01/2014,80.8,Transport,
C.07,20,07/01/2014,89.2,Transport,
C.07,20,08/01/2014,89.5,Transport,
C.07,20,09/01/2014,91.5,Transport,
C.07,20,10/01/2014,91.7,Transport,
C.07,20,11/01/2014,91.6,Transport,
C.07,20,12/01/2014,90.7,Transport,
C.07,20,01/01/2015,89.4,Transport,
C.07,20,02/01/2015,87.4,Transport,
C.07,20,03/01/2015,87.4,Transport,
C.07,20,04/01/2015,87.6,Transport,
C.07,20,05/01/2015,87.7,Transport,
C.07,20,06/01/2015,88.6,Transport,
C.07,20,07/01/2015,89.6,Transport,
C.07,20,08/01/2015,90.0,Transport,
C.07,20,09/01/2015,88.7,Transport,
C.07,20,10/01/2015,89.2,Transport,
C.07,20,11/01/2015,89.8,Transport,
C.07,20,12/01/2015,89.8,Transport,
C.07,20,01/01/2016,90.8,Transport,
C.07,20,02/01/2016,97.8,Transport,
C.07,20,03/01/2016,98.1,Transport,
C.07,20,04/01/2016,97.8,Transport,
C.07,20,05/01/2016,97.6,Transport,
C.07,20,06/01/2016,97.5,Transport,
C.07,20,07/01/2016,97.5,Transport,
C.07,20,08/01/2016,97.9,Transport,
C.07,20,09/01/2016,97.9,Transport,
C.07,20,10/01/2016,98.0,Transport,
C.07,20,11/01/2016,98.0,Transport,
C.07,20,12/01/2016,98.2,Transport,
C.07,20,01/01/2017,98.5,Transport,
C.07,20,02/01/2017,99.7,Transport,
C.07,20,03/01/2017,100.0,Transport,
C.07,20,04/01/2017,100.6,Transport,
C.07,20,05/01/2017,100.9,Transport,
C.07,20,06/01/2017,100.9,Transport,
C.07,20,07/01/2017,101.2,Transport,
C.07,20,08/01/2017,101.3,Transport,
C.07,20,09/01/2017,101.3,Transport,
C.07,20,10/01/2017,102.0,Transport,
C.07,20,11/01/2017,102.3,Transport,
C.07,20,12/01/2017,103.7,Transport,
C.07,20,01/01/2018,104.1,Transport,
C.07,20,02/01/2018,104.3,Transport,
C.07,20,03/01/2018,103.9,Transport,
C.07,20,04/01/2018,103.9,Transport,
C.07,20,05/01/2018,104.4,Transport,
C.07,20,06/01/2018,104.9,Transport,
C.07,20,07/01/2018,105.4,Transport,
C.07,20,08/01/2018,105.9,Transport,
C.07,20,09/01/2018,106.5,Transport,
C.08,20,01/01/2013,91.5,Communication,
C.08,20,02/01/2013,91.5,Communication,
C.08,20,03/01/2013,91.5,Communication,
C.08,20,04/01/2013,91.5,Communication,
C.08,20,05/01/2013,91.5,Communication,
C.08,20,06/01/2013,91.5,Communication,
C.08,20,07/01/2013,91.5,Communication,
C.08,20,08/01/2013,91.5,Communication,
C.08,20,09/01/2013,91.5,Communication,
C.08,20,10/01/2013,91.5,Communication,
C.08,20,11/01/2013,91.5,Communication,
C.08,20,12/01/2013,91.5,Communication,
C.08,20,01/01/2014,91.5,Communication,
C.08,20,02/01/2014,91.5,Communication,
C.08,20,03/01/2014,91.5,Communication,
C.08,20,04/01/2014,91.5,Communication,
C.08,20,05/01/2014,91.5,Communication,
C.08,20,06/01/2014,91.5,Communication,
C.08,20,07/01/2014,91.5,Communication,
C.08,20,08/01/2014,91.5,Communication,
C.08,20,09/01/2014,91.5,Communication,
C.08,20,10/01/2014,91.5,Communication,
C.08,20,11/01/2014,90.6,Communication,
C.08,20,12/01/2014,90.6,Communication,
C.08,20,01/01/2015,90.6,Communication,
C.08,20,02/01/2015,90.6,Communication,
C.08,20,03/01/2015,90.6,Communication,
C.08,20,04/01/2015,94.3,Communication,
C.08,20,05/01/2015,94.3,Communication,
C.08,20,06/01/2015,94.3,Communication,
C.08,20,07/01/2015,97.5,Communication,
C.08,20,08/01/2015,97.5,Communication,
C.08,20,09/01/2015,97.5,Communication,
C.08,20,10/01/2015,97.5,Communication,
C.08,20,11/01/2015,97.5,Communication,
C.08,20,12/01/2015,97.5,Communication,
C.08,20,01/01/2016,97.5,Communication,
C.08,20,02/01/2016,97.5,Communication,
C.08,20,03/01/2016,97.5,Communication,
C.08,20,04/01/2016,100.0,Communication,
C.08,20,05/01/2016,100.0,Communication,
C.08,20,06/01/2016,100.0,Communication,
C.08,20,07/01/2016,100.0,Communication,
C.08,20,08/01/2016,100.0,Communication,
C.08,20,09/01/2016,100.0,Communication,
C.08,20,10/01/2016,100.0,Communication,
C.08,20,11/01/2016,100.0,Communication,
C.08,20,12/01/2016,100.0,Communication,
C.08,20,01/01/2017,100.0,Communication,
C.08,20,02/01/2017,100.0,Communication,
C.08,20,03/01/2017,100.0,Communication,
C.08,20,04/01/2017,101.0,Communication,
C.08,20,05/01/2017,101.0,Communication,
C.08,20,06/01/2017,101.0,Communication,
C.08,20,07/01/2017,99.9,Communication,
C.08,20,08/01/2017,98.7,Communication,
C.08,20,09/01/2017,98.7,Communication,
C.08,20,10/01/2017,98.7,Communication,
C.08,20,11/01/2017,98.7,Communication,
C.08,20,12/01/2017,98.7,Communication,
C.08,20,01/01/2018,98.7,Communication,
C.08,20,02/01/2018,98.7,Communication,
C.08,20,03/01/2018,98.7,Communication,
C.08,20,04/01/2018,98.8,Communication,
C.08,20,05/01/2018,98.8,Communication,
C.08,20,06/01/2018,98.8,Communication,
C.08,20,07/01/2018,98.8,Communication,
C.08,20,08/01/2018,98.9,Communication,
C.08,20,09/01/2018,99.0,Communication,
C.09,20,01/01/2013,77.5,Recreation and culture,
C.09,20,02/01/2013,77.6,Recreation and culture,
C.09,20,03/01/2013,77.1,Recreation and culture,
C.09,20,04/01/2013,78.7,Recreation and culture,
C.09,20,05/01/2013,79.7,Recreation and culture,
C.09,20,06/01/2013,79.6,Recreation and culture,
C.09,20,07/01/2013,80.1,Recreation and culture,
C.09,20,08/01/2013,80.2,Recreation and culture,
C.09,20,09/01/2013,80.5,Recreation and culture,
C.09,20,10/01/2013,80.5,Recreation and culture,
C.09,20,11/01/2013,81.7,Recreation and culture,
C.09,20,12/01/2013,82.2,Recreation and culture,
C.09,20,01/01/2014,83.5,Recreation and culture,
C.09,20,02/01/2014,83.5,Recreation and culture,
C.09,20,03/01/2014,84.4,Recreation and culture,
C.09,20,04/01/2014,84.3,Recreation and culture,
C.09,20,05/01/2014,84.6,Recreation and culture,
C.09,20,06/01/2014,84.5,Recreation and culture,
C.09,20,07/01/2014,85.1,Recreation and culture,
C.09,20,08/01/2014,86.4,Recreation and culture,
C.09,20,09/01/2014,86.0,Recreation and culture,
C.09,20,10/01/2014,86.2,Recreation and culture,
C.09,20,11/01/2014,83.2,Recreation and culture,
C.09,20,12/01/2014,87.5,Recreation and culture,
C.09,20,01/01/2015,88.4,Recreation and culture,
C.09,20,02/01/2015,90.0,Recreation and culture,
C.09,20,03/01/2015,91.0,Recreation and culture,
C.09,20,04/01/2015,90.8,Recreation and culture,
C.09,20,05/01/2015,91.5,Recreation and culture,
C.09,20,06/01/2015,90.5,Recreation and culture,
C.09,20,07/01/2015,90.9,Recreation and culture,
C.09,20,08/01/2015,90.4,Recreation and culture,
C.09,20,09/01/2015,91.1,Recreation and culture,
C.09,20,10/01/2015,92.3,Recreation and culture,
C.09,20,11/01/2015,92.2,Recreation and culture,
C.09,20,12/01/2015,92.0,Recreation and culture,
C.09,20,01/01/2016,92.5,Recreation and culture,
C.09,20,02/01/2016,92.7,Recreation and culture,
C.09,20,03/01/2016,93.2,Recreation and culture,
C.09,20,04/01/2016,93.9,Recreation and culture,
C.09,20,05/01/2016,95.8,Recreation and culture,
C.09,20,06/01/2016,95.4,Recreation and culture,
C.09,20,07/01/2016,95.5,Recreation and culture,
C.09,20,08/01/2016,95.2,Recreation and culture,
C.09,20,09/01/2016,95.6,Recreation and culture,
C.09,20,10/01/2016,96.0,Recreation and culture,
C.09,20,11/01/2016,97.1,Recreation and culture,
C.09,20,12/01/2016,97.3,Recreation and culture,
C.09,20,01/01/2017,99.1,Recreation and culture,
C.09,20,02/01/2017,100.2,Recreation and culture,
C.09,20,03/01/2017,100.0,Recreation and culture,
C.09,20,04/01/2017,101.2,Recreation and culture,
C.09,20,05/01/2017,101.0,Recreation and culture,
C.09,20,06/01/2017,101.3,Recreation and culture,
C.09,20,07/01/2017,101.5,Recreation and culture,
C.09,20,08/01/2017,101.8,Recreation and culture,
C.09,20,09/01/2017,102.0,Recreation and culture,
C.09,20,10/01/2017,102.3,Recreation and culture,
C.09,20,11/01/2017,103.0,Recreation and culture,
C.09,20,12/01/2017,103.3,Recreation and culture,
C.09,20,01/01/2018,104.0,Recreation and culture,
C.09,20,02/01/2018,103.8,Recreation and culture,
C.09,20,03/01/2018,104.1,Recreation and culture,
C.09,20,04/01/2018,104.9,Recreation and culture,
C.09,20,05/01/2018,105.2,Recreation and culture,
C.09,20,06/01/2018,105.8,Recreation and culture,
C.09,20,07/01/2018,105.7,Recreation and culture,
C.09,20,08/01/2018,106.0,Recreation and culture,
C.09,20,09/01/2018,106.7,Recreation and culture,
C.10,20,01/01/2013,71.1,Education,
C.10,20,02/01/2013,79.8,Education,
C.10,20,03/01/2013,79.8,Education,
C.10,20,04/01/2013,77.7,Education,
C.10,20,05/01/2013,77.7,Education,
C.10,20,06/01/2013,77.7,Education,
C.10,20,07/01/2013,77.6,Education,
C.10,20,08/01/2013,78.2,Education,
C.10,20,09/01/2013,78.2,Education,
C.10,20,10/01/2013,78.2,Education,
C.10,20,11/01/2013,77.2,Education,
C.10,20,12/01/2013,77.2,Education,
C.10,20,01/01/2014,77.2,Education,
C.10,20,02/01/2014,85.4,Education,
C.10,20,03/01/2014,85.4,Education,
C.10,20,04/01/2014,85.4,Education,
C.10,20,05/01/2014,85.4,Education,
C.10,20,06/01/2014,85.2,Education,
C.10,20,07/01/2014,85.2,Education,
C.10,20,08/01/2014,86.0,Education,
C.10,20,09/01/2014,86.0,Education,
C.10,20,10/01/2014,86.0,Education,
C.10,20,11/01/2014,86.0,Education,
C.10,20,12/01/2014,86.0,Education,
C.10,20,01/01/2015,86.0,Education,
C.10,20,02/01/2015,90.3,Education,
C.10,20,03/01/2015,89.4,Education,
C.10,20,04/01/2015,90.2,Education,
C.10,20,05/01/2015,90.2,Education,
C.10,20,06/01/2015,90.2,Education,
C.10,20,07/01/2015,90.2,Education,
C.10,20,08/01/2015,91.8,Education,
C.10,20,09/01/2015,91.8,Education,
C.10,20,10/01/2015,91.7,Education,
C.10,20,11/01/2015,91.7,Education,
C.10,20,12/01/2015,91.7,Education,
C.10,20,01/01/2016,91.7,Education,
C.10,20,02/01/2016,93.0,Education,
C.10,20,03/01/2016,93.0,Education,
C.10,20,04/01/2016,93.0,Education,
C.10,20,05/01/2016,93.0,Education,
C.10,20,06/01/2016,93.0,Education,
C.10,20,07/01/2016,93.0,Education,
C.10,20,08/01/2016,93.9,Education,
C.10,20,09/01/2016,93.9,Education,
C.10,20,10/01/2016,93.9,Education,
C.10,20,11/01/2016,93.9,Education,
C.10,20,12/01/2016,93.9,Education,
C.10,20,01/01/2017,93.9,Education,
C.10,20,02/01/2017,100.0,Education,
C.10,20,03/01/2017,100.0,Education,
C.10,20,04/01/2017,100.0,Education,
C.10,20,05/01/2017,100.0,Education,
C.10,20,06/01/2017,100.0,Education,
C.10,20,07/01/2017,100.0,Education,
C.10,20,08/01/2017,100.9,Education,
C.10,20,09/01/2017,100.9,Education,
C.10,20,10/01/2017,100.9,Education,
C.10,20,11/01/2017,100.9,Education,
C.10,20,12/01/2017,100.9,Education,
C.10,20,01/01/2018,100.9,Education,
C.10,20,02/01/2018,107.8,Education,
C.10,20,03/01/2018,107.8,Education,
C.10,20,04/01/2018,107.8,Education,
C.10,20,05/01/2018,107.8,Education,
C.10,20,06/01/2018,107.8,Education,
C.10,20,07/01/2018,107.8,Education,
C.10,20,08/01/2018,109.1,Education,
C.10,20,09/01/2018,109.1,Education,
C.11,20,01/01/2013,84.6,Restaurants and hotels,
C.11,20,02/01/2013,84.9,Restaurants and hotels,
C.11,20,03/01/2013,85.0,Restaurants and hotels,
C.11,20,04/01/2013,84.2,Restaurants and hotels,
C.11,20,05/01/2013,84.2,Restaurants and hotels,
C.11,20,06/01/2013,84.3,Restaurants and hotels,
C.11,20,07/01/2013,84.3,Restaurants and hotels,
C.11,20,08/01/2013,84.7,Restaurants and hotels,
C.11,20,09/01/2013,84.7,Restaurants and hotels,
C.11,20,10/01/2013,84.7,Restaurants and hotels,
C.11,20,11/01/2013,86.2,Restaurants and hotels,
C.11,20,12/01/2013,86.3,Restaurants and hotels,
C.11,20,01/01/2014,86.3,Restaurants and hotels,
C.11,20,02/01/2014,86.4,Restaurants and hotels,
C.11,20,03/01/2014,87.3,Restaurants and hotels,
C.11,20,04/01/2014,87.7,Restaurants and hotels,
C.11,20,05/01/2014,88.0,Restaurants and hotels,
C.11,20,06/01/2014,88.1,Restaurants and hotels,
C.11,20,07/01/2014,88.9,Restaurants and hotels,
C.11,20,08/01/2014,88.1,Restaurants and hotels,
C.11,20,09/01/2014,88.1,Restaurants and hotels,
C.11,20,10/01/2014,88.1,Restaurants and hotels,
C.11,20,11/01/2014,92.2,Restaurants and hotels,
C.11,20,12/01/2014,92.2,Restaurants and hotels,
C.11,20,01/01/2015,92.3,Restaurants and hotels,
C.11,20,02/01/2015,96.6,Restaurants and hotels,
C.11,20,03/01/2015,97.0,Restaurants and hotels,
C.11,20,04/01/2015,96.8,Restaurants and hotels,
C.11,20,05/01/2015,97.0,Restaurants and hotels,
C.11,20,06/01/2015,97.1,Restaurants and hotels,
C.11,20,07/01/2015,97.2,Restaurants and hotels,
C.11,20,08/01/2015,97.3,Restaurants and hotels,
C.11,20,09/01/2015,97.2,Restaurants and hotels,
C.11,20,10/01/2015,97.1,Restaurants and hotels,
C.11,20,11/01/2015,97.2,Restaurants and hotels,
C.11,20,12/01/2015,97.3,Restaurants and hotels,
C.11,20,01/01/2016,97.3,Restaurants and hotels,
C.11,20,02/01/2016,97.3,Restaurants and hotels,
C.11,20,03/01/2016,97.3,Restaurants and hotels,
C.11,20,04/01/2016,99.0,Restaurants and hotels,
C.11,20,05/01/2016,98.9,Restaurants and hotels,
C.11,20,06/01/2016,99.1,Restaurants and hotels,
C.11,20,07/01/2016,98.8,Restaurants and hotels,
C.11,20,08/01/2016,99.2,Restaurants and hotels,
C.11,20,09/01/2016,99.3,Restaurants and hotels,
C.11,20,10/01/2016,99.2,Restaurants and hotels,
C.11,20,11/01/2016,99.7,Restaurants and hotels,
C.11,20,12/01/2016,98.8,Restaurants and hotels,
C.11,20,01/01/2017,98.9,Restaurants and hotels,
C.11,20,02/01/2017,100.0,Restaurants and hotels,
C.11,20,03/01/2017,100.0,Restaurants and hotels,
C.11,20,04/01/2017,99.7,Restaurants and hotels,
C.11,20,05/01/2017,101.0,Restaurants and hotels,
C.11,20,06/01/2017,101.0,Restaurants and hotels,
C.11,20,07/01/2017,101.2,Restaurants and hotels,
C.11,20,08/01/2017,103.4,Restaurants and hotels,
C.11,20,09/01/2017,103.6,Restaurants and hotels,
C.11,20,10/01/2017,104.7,Restaurants and hotels,
C.11,20,11/01/2017,104.7,Restaurants and hotels,
C.11,20,12/01/2017,104.8,Restaurants and hotels,
C.11,20,01/01/2018,104.9,Restaurants and hotels,
C.11,20,02/01/2018,105.7,Restaurants and hotels,
C.11,20,03/01/2018,105.8,Restaurants and hotels,
C.11,20,04/01/2018,105.8,Restaurants and hotels,
C.11,20,05/01/2018,105.9,Restaurants and hotels,
C.11,20,06/01/2018,106.4,Restaurants and hotels,
C.11,20,07/01/2018,107.2,Restaurants and hotels,
C.11,20,08/01/2018,108.6,Restaurants and hotels,
C.11,20,09/01/2018,109.5,Restaurants and hotels,
C.12,20,01/01/2013,79.8,Miscellaneous goods and services,
C.12,20,02/01/2013,80.3,Miscellaneous goods and services,
C.12,20,03/01/2013,80.0,Miscellaneous goods and services,
C.12,20,04/01/2013,79.5,Miscellaneous goods and services,
C.12,20,05/01/2013,79.9,Miscellaneous goods and services,
C.12,20,06/01/2013,79.8,Miscellaneous goods and services,
C.12,20,07/01/2013,80.3,Miscellaneous goods and services,
C.12,20,08/01/2013,80.3,Miscellaneous goods and services,
C.12,20,09/01/2013,80.1,Miscellaneous goods and services,
C.12,20,10/01/2013,80.3,Miscellaneous goods and services,
C.12,20,11/01/2013,81.0,Miscellaneous goods and services,
C.12,20,12/01/2013,80.9,Miscellaneous goods and services,
C.12,20,01/01/2014,81.2,Miscellaneous goods and services,
C.12,20,02/01/2014,81.8,Miscellaneous goods and services,
C.12,20,03/01/2014,82.4,Miscellaneous goods and services,
C.12,20,04/01/2014,82.7,Miscellaneous goods and services,
C.12,20,05/01/2014,82.8,Miscellaneous goods and services,
C.12,20,06/01/2014,83.5,Miscellaneous goods and services,
C.12,20,07/01/2014,83.7,Miscellaneous goods and services,
C.12,20,08/01/2014,83.6,Miscellaneous goods and services,
C.12,20,09/01/2014,83.9,Miscellaneous goods and services,
C.12,20,10/01/2014,83.8,Miscellaneous goods and services,
C.12,20,11/01/2014,85.6,Miscellaneous goods and services,
C.12,20,12/01/2014,86.3,Miscellaneous goods and services,
C.12,20,01/01/2015,85.9,Miscellaneous goods and services,
C.12,20,02/01/2015,86.5,Miscellaneous goods and services,
C.12,20,03/01/2015,90.3,Miscellaneous goods and services,
C.12,20,04/01/2015,92.2,Miscellaneous goods and services,
C.12,20,05/01/2015,92.4,Miscellaneous goods and services,
C.12,20,06/01/2015,91.7,Miscellaneous goods and services,
C.12,20,07/01/2015,92.2,Miscellaneous goods and services,
C.12,20,08/01/2015,92.4,Miscellaneous goods and services,
C.12,20,09/01/2015,94.0,Miscellaneous goods and services,
C.12,20,10/01/2015,93.7,Miscellaneous goods and services,
C.12,20,11/01/2015,94.0,Miscellaneous goods and services,
C.12,20,12/01/2015,94.1,Miscellaneous goods and services,
C.12,20,01/01/2016,94.3,Miscellaneous goods and services,
C.12,20,02/01/2016,94.4,Miscellaneous goods and services,
C.12,20,03/01/2016,94.9,Miscellaneous goods and services,
C.12,20,04/01/2016,96.1,Miscellaneous goods and services,
C.12,20,05/01/2016,96.0,Miscellaneous goods and services,
C.12,20,06/01/2016,95.6,Miscellaneous goods and services,
C.12,20,07/01/2016,95.7,Miscellaneous goods and services,
C.12,20,08/01/2016,97.1,Miscellaneous goods and services,
C.12,20,09/01/2016,97.9,Miscellaneous goods and services,
C.12,20,10/01/2016,99.3,Miscellaneous goods and services,
C.12,20,11/01/2016,99.8,Miscellaneous goods and services,
C.12,20,12/01/2016,99.8,Miscellaneous goods and services,
C.12,20,01/01/2017,100.1,Miscellaneous goods and services,
C.12,20,02/01/2017,99.8,Miscellaneous goods and services,
C.12,20,03/01/2017,100.0,Miscellaneous goods and services,
C.12,20,04/01/2017,100.0,Miscellaneous goods and services,
C.12,20,05/01/2017,100.3,Miscellaneous goods and services,
C.12,20,06/01/2017,100.9,Miscellaneous goods and services,
C.12,20,07/01/2017,101.1,Miscellaneous goods and services,
C.12,20,08/01/2017,100.9,Miscellaneous goods and services,
C.12,20,09/01/2017,101.0,Miscellaneous goods and services,
C.12,20,10/01/2017,101.0,Miscellaneous goods and services,
C.12,20,11/01/2017,101.1,Miscellaneous goods and services,
C.12,20,12/01/2017,101.1,Miscellaneous goods and services,
C.12,20,01/01/2018,101.0,Miscellaneous goods and services,
C.12,20,02/01/2018,101.3,Miscellaneous goods and services,
C.12,20,03/01/2018,101.2,Miscellaneous goods and services,
C.12,20,04/01/2018,101.2,Miscellaneous goods and services,
C.12,20,05/01/2018,101.4,Miscellaneous goods and services,
C.12,20,06/01/2018,101.5,Miscellaneous goods and services,
C.12,20,07/01/2018,101.6,Miscellaneous goods and services,
C.12,20,08/01/2018,101.7,Miscellaneous goods and services,
C.12,20,09/01/2018,101.8,Miscellaneous goods and services,
P.01,20,01/01/2013,97.9,"Agriculture, forestry and fishing",
P.01,20,02/01/2013,93.8,"Agriculture, forestry and fishing",
P.01,20,03/01/2013,92.1,"Agriculture, forestry and fishing",
P.01,20,04/01/2013,91.8,"Agriculture, forestry and fishing",
P.01,20,05/01/2013,91.7,"Agriculture, forestry and fishing",
P.01,20,06/01/2013,91.3,"Agriculture, forestry and fishing",
P.01,20,07/01/2013,91.3,"Agriculture, forestry and fishing",
P.01,20,08/01/2013,92.3,"Agriculture, forestry and fishing",
P.01,20,09/01/2013,95.4,"Agriculture, forestry and fishing",
P.01,20,10/01/2013,98.7,"Agriculture, forestry and fishing",
P.01,20,11/01/2013,101.9,"Agriculture, forestry and fishing",
P.01,20,12/01/2013,103.4,"Agriculture, forestry and fishing",
P.01,20,01/01/2014,103.3,"Agriculture, forestry and fishing",
P.01,20,02/01/2014,101.7,"Agriculture, forestry and fishing",
P.01,20,03/01/2014,104.3,"Agriculture, forestry and fishing",
P.01,20,04/01/2014,99.2,"Agriculture, forestry and fishing",
P.01,20,05/01/2014,97.8,"Agriculture, forestry and fishing",
P.01,20,06/01/2014,95.3,"Agriculture, forestry and fishing",
P.01,20,07/01/2014,94.2,"Agriculture, forestry and fishing",
P.01,20,08/01/2014,96.1,"Agriculture, forestry and fishing",
P.01,20,09/01/2014,99.1,"Agriculture, forestry and fishing",
P.01,20,10/01/2014,101.2,"Agriculture, forestry and fishing",
P.01,20,11/01/2014,103.0,"Agriculture, forestry and fishing",
P.01,20,12/01/2014,104.9,"Agriculture, forestry and fishing",
P.01,20,01/01/2015,100.2,"Agriculture, forestry and fishing",
P.01,20,02/01/2015,100.8,"Agriculture, forestry and fishing",
P.01,20,03/01/2015,102.3,"Agriculture, forestry and fishing",
P.01,20,04/01/2015,104.2,"Agriculture, forestry and fishing",
P.01,20,05/01/2015,101.4,"Agriculture, forestry and fishing",
P.01,20,06/01/2015,100.4,"Agriculture, forestry and fishing",
P.01,20,07/01/2015,101.5,"Agriculture, forestry and fishing",
P.01,20,08/01/2015,104.3,"Agriculture, forestry and fishing",
P.01,20,09/01/2015,104.8,"Agriculture, forestry and fishing",
P.01,20,10/01/2015,108.4,"Agriculture, forestry and fishing",
P.01,20,11/01/2015,114.0,"Agriculture, forestry and fishing",
P.01,20,12/01/2015,118.3,"Agriculture, forestry and fishing",
P.01,20,01/01/2016,126.1,"Agriculture, forestry and fishing",
P.01,20,02/01/2016,128.2,"Agriculture, forestry and fishing",
P.01,20,03/01/2016,126.0,"Agriculture, forestry and fishing",
P.01,20,04/01/2016,121.9,"Agriculture, forestry and fishing",
P.01,20,05/01/2016,120.1,"Agriculture, forestry and fishing",
P.01,20,06/01/2016,121.3,"Agriculture, forestry and fishing",
P.01,20,07/01/2016,121.3,"Agriculture, forestry and fishing",
P.01,20,08/01/2016,121.1,"Agriculture, forestry and fishing",
P.01,20,09/01/2016,119.9,"Agriculture, forestry and fishing",
P.01,20,10/01/2016,119.8,"Agriculture, forestry and fishing",
P.01,20,11/01/2016,122.0,"Agriculture, forestry and fishing",
P.01,20,12/01/2016,124.8,"Agriculture, forestry and fishing",
P.01,20,01/01/2017,120.0,"Agriculture, forestry and fishing",
P.01,20,02/01/2017,122.1,"Agriculture, forestry and fishing",
P.01,20,03/01/2017,118.3,"Agriculture, forestry and fishing",
P.01,20,04/01/2017,117.8,"Agriculture, forestry and fishing",
P.01,20,05/01/2017,117.8,"Agriculture, forestry and fishing",
P.01,20,06/01/2017,117.6,"Agriculture, forestry and fishing",
P.01,20,07/01/2017,120.0,"Agriculture, forestry and fishing",
P.01,20,08/01/2017,118.0,"Agriculture, forestry and fishing",
P.01,20,09/01/2017,121.1,"Agriculture, forestry and fishing",
P.01,20,10/01/2017,125.0,"Agriculture, forestry and fishing",
P.01,20,11/01/2017,130.2,"Agriculture, forestry and fishing",
P.01,20,12/01/2017,132.1,"Agriculture, forestry and fishing",
P.01,20,01/01/2018,130.6,"Agriculture, forestry and fishing",
P.01,20,02/01/2018,128.2,"Agriculture, forestry and fishing",
P.01,20,03/01/2018,122.0,"Agriculture, forestry and fishing",
P.01,20,04/01/2018,117.1,"Agriculture, forestry and fishing",
P.01,20,05/01/2018,120.0,"Agriculture, forestry and fishing",
P.01,20,06/01/2018,119.4,"Agriculture, forestry and fishing",
P.01,20,07/01/2018,119.6,"Agriculture, forestry and fishing",
P.01,20,08/01/2018,117.6,"Agriculture, forestry and fishing",
P.01,20,09/01/2018,115.9,"Agriculture, forestry and fishing",
P.02,20,01/01/2013,97.1,Food manuafacturing,
P.02,20,02/01/2013,97.5,Food manuafacturing,
P.02,20,03/01/2013,94.1,Food manuafacturing,
P.02,20,04/01/2013,95.4,Food manuafacturing,
P.02,20,05/01/2013,95.8,Food manuafacturing,
P.02,20,06/01/2013,95.0,Food manuafacturing,
P.02,20,07/01/2013,98.7,Food manuafacturing,
P.02,20,08/01/2013,96.1,Food manuafacturing,
P.02,20,09/01/2013,95.3,Food manuafacturing,
P.02,20,10/01/2013,96.7,Food manuafacturing,
P.02,20,11/01/2013,96.0,Food manuafacturing,
P.02,20,12/01/2013,100.6,Food manuafacturing,
P.02,20,01/01/2014,102.2,Food manuafacturing,
P.02,20,02/01/2014,101.0,Food manuafacturing,
P.02,20,03/01/2014,100.4,Food manuafacturing,
P.02,20,04/01/2014,100.0,Food manuafacturing,
P.02,20,05/01/2014,101.4,Food manuafacturing,
P.02,20,06/01/2014,102.4,Food manuafacturing,
P.02,20,07/01/2014,102.3,Food manuafacturing,
P.02,20,08/01/2014,101.0,Food manuafacturing,
P.02,20,09/01/2014,97.7,Food manuafacturing,
P.02,20,10/01/2014,95.1,Food manuafacturing,
P.02,20,11/01/2014,97.7,Food manuafacturing,
P.02,20,12/01/2014,98.9,Food manuafacturing,
P.02,20,01/01/2015,96.7,Food manuafacturing,
P.02,20,02/01/2015,96.6,Food manuafacturing,
P.02,20,03/01/2015,95.5,Food manuafacturing,
P.02,20,04/01/2015,96.2,Food manuafacturing,
P.02,20,05/01/2015,97.1,Food manuafacturing,
P.02,20,06/01/2015,93.5,Food manuafacturing,
P.02,20,07/01/2015,91.2,Food manuafacturing,
P.02,20,08/01/2015,95.7,Food manuafacturing,
P.02,20,09/01/2015,96.8,Food manuafacturing,
P.02,20,10/01/2015,97.4,Food manuafacturing,
P.02,20,11/01/2015,97.0,Food manuafacturing,
P.02,20,12/01/2015,101.3,Food manuafacturing,
P.02,20,01/01/2016,103.3,Food manuafacturing,
P.02,20,02/01/2016,104.5,Food manuafacturing,
P.02,20,03/01/2016,105.4,Food manuafacturing,
P.02,20,04/01/2016,110.2,Food manuafacturing,
P.02,20,05/01/2016,108.6,Food manuafacturing,
P.02,20,06/01/2016,108.4,Food manuafacturing,
P.02,20,07/01/2016,110.4,Food manuafacturing,
P.02,20,08/01/2016,111.3,Food manuafacturing,
P.02,20,09/01/2016,108.2,Food manuafacturing,
P.02,20,10/01/2016,105.2,Food manuafacturing,
P.02,20,11/01/2016,107.3,Food manuafacturing,
P.02,20,12/01/2016,107.3,Food manuafacturing,
P.02,20,01/01/2017,109.1,Food manuafacturing,
P.02,20,02/01/2017,109.9,Food manuafacturing,
P.02,20,03/01/2017,109.1,Food manuafacturing,
P.02,20,04/01/2017,109.9,Food manuafacturing,
P.02,20,05/01/2017,110.6,Food manuafacturing,
P.02,20,06/01/2017,148.8,Food manuafacturing,
P.02,20,07/01/2017,154.7,Food manuafacturing,
P.02,20,08/01/2017,155.4,Food manuafacturing,
P.02,20,09/01/2017,121.3,Food manuafacturing,
P.02,20,10/01/2017,112.7,Food manuafacturing,
P.02,20,11/01/2017,112.9,Food manuafacturing,
P.02,20,12/01/2017,110.9,Food manuafacturing,
P.02,20,01/01/2018,138.2,Food manuafacturing,
P.02,20,02/01/2018,137.1,Food manuafacturing,
P.02,20,03/01/2018,113.5,Food manuafacturing,
P.02,20,04/01/2018,118.6,Food manuafacturing,
P.02,20,05/01/2018,109.6,Food manuafacturing,
P.02,20,06/01/2018,113.5,Food manuafacturing,
P.02,20,07/01/2018,116.9,Food manuafacturing,
P.02,20,08/01/2018,115.0,Food manuafacturing,
P.02,20,09/01/2018,111.7,Food manuafacturing,
P.03,20,01/01/2013,90.2,Other manufacturing,
P.03,20,02/01/2013,90.7,Other manufacturing,
P.03,20,03/01/2013,91.4,Other manufacturing,
P.03,20,04/01/2013,92.0,Other manufacturing,
P.03,20,05/01/2013,92.6,Other manufacturing,
P.03,20,06/01/2013,92.9,Other manufacturing,
P.03,20,07/01/2013,93.3,Other manufacturing,
P.03,20,08/01/2013,93.8,Other manufacturing,
P.03,20,09/01/2013,94.1,Other manufacturing,
P.03,20,10/01/2013,94.4,Other manufacturing,
P.03,20,11/01/2013,94.7,Other manufacturing,
P.03,20,12/01/2013,95.0,Other manufacturing,
P.03,20,01/01/2014,95.5,Other manufacturing,
P.03,20,02/01/2014,96.7,Other manufacturing,
P.03,20,03/01/2014,98.7,Other manufacturing,
P.03,20,04/01/2014,99.6,Other manufacturing,
P.03,20,05/01/2014,99.9,Other manufacturing,
P.03,20,06/01/2014,99.9,Other manufacturing,
P.03,20,07/01/2014,100.7,Other manufacturing,
P.03,20,08/01/2014,101.2,Other manufacturing,
P.03,20,09/01/2014,101.1,Other manufacturing,
P.03,20,10/01/2014,101.8,Other manufacturing,
P.03,20,11/01/2014,102.2,Other manufacturing,
P.03,20,12/01/2014,102.7,Other manufacturing,
P.03,20,01/01/2015,102.7,Other manufacturing,
P.03,20,02/01/2015,103.5,Other manufacturing,
P.03,20,03/01/2015,104.6,Other manufacturing,
P.03,20,04/01/2015,105.0,Other manufacturing,
P.03,20,05/01/2015,106.3,Other manufacturing,
P.03,20,06/01/2015,105.9,Other manufacturing,
P.03,20,07/01/2015,106.2,Other manufacturing,
P.03,20,08/01/2015,106.5,Other manufacturing,
P.03,20,09/01/2015,107.1,Other manufacturing,
P.03,20,10/01/2015,108.1,Other manufacturing,
P.03,20,11/01/2015,108.5,Other manufacturing,
P.03,20,12/01/2015,109.0,Other manufacturing,
P.03,20,01/01/2016,110.8,Other manufacturing,
P.03,20,02/01/2016,112.2,Other manufacturing,
P.03,20,03/01/2016,113.9,Other manufacturing,
P.03,20,04/01/2016,114.6,Other manufacturing,
P.03,20,05/01/2016,115.1,Other manufacturing,
P.03,20,06/01/2016,115.9,Other manufacturing,
P.03,20,07/01/2016,117.7,Other manufacturing,
P.03,20,08/01/2016,118.8,Other manufacturing,
P.03,20,09/01/2016,119.0,Other manufacturing,
P.03,20,10/01/2016,120.3,Other manufacturing,
P.03,20,11/01/2016,120.6,Other manufacturing,
P.03,20,12/01/2016,121.1,Other manufacturing,
P.03,20,01/01/2017,121.3,Other manufacturing,
P.03,20,02/01/2017,121.7,Other manufacturing,
P.03,20,03/01/2017,121.7,Other manufacturing,
P.03,20,04/01/2017,122.0,Other manufacturing,
P.03,20,05/01/2017,121.8,Other manufacturing,
P.03,20,06/01/2017,121.5,Other manufacturing,
P.03,20,07/01/2017,122.0,Other manufacturing,
P.03,20,08/01/2017,122.4,Other manufacturing,
P.03,20,09/01/2017,122.2,Other manufacturing,
P.03,20,10/01/2017,122.2,Other manufacturing,
P.03,20,11/01/2017,122.9,Other manufacturing,
P.03,20,12/01/2017,123.4,Other manufacturing,
P.03,20,01/01/2018,122.8,Other manufacturing,
P.03,20,02/01/2018,122.6,Other manufacturing,
P.03,20,03/01/2018,122.5,Other manufacturing,
P.03,20,04/01/2018,123.0,Other manufacturing,
P.03,20,05/01/2018,123.4,Other manufacturing,
P.03,20,06/01/2018,123.6,Other manufacturing,
P.03,20,07/01/2018,123.4,Other manufacturing,
P.03,20,08/01/2018,123.4,Other manufacturing,
P.03,20,09/01/2018,123.6,Other manufacturing,
P.04,20,01/01/2013,90.2,Electricity,
P.04,20,02/01/2013,90.8,Electricity,
P.04,20,03/01/2013,91.6,Electricity,
P.04,20,04/01/2013,91.9,Electricity,
P.04,20,05/01/2013,92.1,Electricity,
P.04,20,06/01/2013,92.8,Electricity,
P.04,20,07/01/2013,93.5,Electricity,
P.04,20,08/01/2013,94.2,Electricity,
P.04,20,09/01/2013,94.5,Electricity,
P.04,20,10/01/2013,95.0,Electricity,
P.04,20,11/01/2013,95.1,Electricity,
P.04,20,12/01/2013,95.5,Electricity,
P.04,20,01/01/2014,96.6,Electricity,
P.04,20,02/01/2014,97.7,Electricity,
P.04,20,03/01/2014,99.0,Electricity,
P.04,20,04/01/2014,100.0,Electricity,
P.04,20,05/01/2014,100.1,Electricity,
P.04,20,06/01/2014,100.4,Electricity,
P.04,20,07/01/2014,100.9,Electricity,
P.04,20,08/01/2014,100.9,Electricity,
P.04,20,09/01/2014,101.0,Electricity,
P.04,20,10/01/2014,101.2,Electricity,
P.04,20,11/01/2014,101.2,Electricity,
P.04,20,12/01/2014,101.1,Electricity,
P.04,20,01/01/2015,100.0,Electricity,
P.04,20,02/01/2015,100.3,Electricity,
P.04,20,03/01/2015,102.0,Electricity,
P.04,20,04/01/2015,102.9,Electricity,
P.04,20,05/01/2015,103.7,Electricity,
P.04,20,06/01/2015,104.1,Electricity,
P.04,20,07/01/2015,104.3,Electricity,
P.04,20,08/01/2015,104.4,Electricity,
P.04,20,09/01/2015,104.6,Electricity,
P.04,20,10/01/2015,105.5,Electricity,
P.04,20,11/01/2015,105.6,Electricity,
P.04,20,12/01/2015,105.9,Electricity,
P.04,20,01/01/2016,107.6,Electricity,
P.04,20,02/01/2016,108.5,Electricity,
P.04,20,03/01/2016,109.3,Electricity,
P.04,20,04/01/2016,110.2,Electricity,
P.04,20,05/01/2016,110.5,Electricity,
P.04,20,06/01/2016,111.1,Electricity,
P.04,20,07/01/2016,112.0,Electricity,
P.04,20,08/01/2016,111.9,Electricity,
P.04,20,09/01/2016,111.5,Electricity,
P.04,20,10/01/2016,112.5,Electricity,
P.04,20,11/01/2016,112.9,Electricity,
P.04,20,12/01/2016,113.5,Electricity,
P.04,20,01/01/2017,113.9,Electricity,
P.04,20,02/01/2017,114.6,Electricity,
P.04,20,03/01/2017,115.0,Electricity,
P.04,20,04/01/2017,115.3,Electricity,
P.04,20,05/01/2017,115.9,Electricity,
P.04,20,06/01/2017,115.5,Electricity,
P.04,20,07/01/2017,116.1,Electricity,
P.04,20,08/01/2017,116.5,Electricity,
P.04,20,09/01/2017,117.3,Electricity,
P.04,20,10/01/2017,118.1,Electricity,
P.04,20,11/01/2017,118.7,Electricity,
P.04,20,12/01/2017,119.4,Electricity,
P.04,20,01/01/2018,119.7,Electricity,
P.04,20,02/01/2018,119.4,Electricity,
P.04,20,03/01/2018,119.1,Electricity,
P.04,20,04/01/2018,120.4,Electricity,
P.04,20,05/01/2018,121.2,Electricity,
P.04,20,06/01/2018,122.3,Electricity,
P.04,20,07/01/2018,123.1,Electricity,
P.04,20,08/01/2018,123.7,Electricity,
P.04,20,09/01/2018,124.3,Electricity,
P.05,20,01/01/2013,81.9,Water,
P.05,20,02/01/2013,81.9,Water,
P.05,20,03/01/2013,81.9,Water,
P.05,20,04/01/2013,89.7,Water,
P.05,20,05/01/2013,89.7,Water,
P.05,20,06/01/2013,89.7,Water,
P.05,20,07/01/2013,89.7,Water,
P.05,20,08/01/2013,97.4,Water,
P.05,20,09/01/2013,97.4,Water,
P.05,20,10/01/2013,97.4,Water,
P.05,20,11/01/2013,97.4,Water,
P.05,20,12/01/2013,97.4,Water,
P.05,20,01/01/2014,97.4,Water,
P.05,20,02/01/2014,97.4,Water,
P.05,20,03/01/2014,97.4,Water,
P.05,20,04/01/2014,97.4,Water,
P.05,20,05/01/2014,97.4,Water,
P.05,20,06/01/2014,97.4,Water,
P.05,20,07/01/2014,101.8,Water,
P.05,20,08/01/2014,101.8,Water,
P.05,20,09/01/2014,101.8,Water,
P.05,20,10/01/2014,101.8,Water,
P.05,20,11/01/2014,101.8,Water,
P.05,20,12/01/2014,106.7,Water,
P.05,20,01/01/2015,106.7,Water,
P.05,20,02/01/2015,106.7,Water,
P.05,20,03/01/2015,106.7,Water,
P.05,20,04/01/2015,106.7,Water,
P.05,20,05/01/2015,106.7,Water,
P.05,20,06/01/2015,106.7,Water,
P.05,20,07/01/2015,106.7,Water,
P.05,20,08/01/2015,106.7,Water,
P.05,20,09/01/2015,106.7,Water,
P.05,20,10/01/2015,112.1,Water,
P.05,20,11/01/2015,112.1,Water,
P.05,20,12/01/2015,112.1,Water,
P.05,20,01/01/2016,112.1,Water,
P.05,20,02/01/2016,112.1,Water,
P.05,20,03/01/2016,112.1,Water,
P.05,20,04/01/2016,112.1,Water,
P.05,20,05/01/2016,112.1,Water,
P.05,20,06/01/2016,118.3,Water,
P.05,20,07/01/2016,118.3,Water,
P.05,20,08/01/2016,118.3,Water,
P.05,20,09/01/2016,118.3,Water,
P.05,20,10/01/2016,118.3,Water,
P.05,20,11/01/2016,118.3,Water,
P.05,20,12/01/2016,118.3,Water,
P.05,20,01/01/2017,118.3,Water,
P.05,20,02/01/2017,118.3,Water,
P.05,20,03/01/2017,118.3,Water,
P.05,20,04/01/2017,124.8,Water,
P.05,20,05/01/2017,124.8,Water,
P.05,20,06/01/2017,124.8,Water,
P.05,20,07/01/2017,124.8,Water,
P.05,20,08/01/2017,124.8,Water,
P.05,20,09/01/2017,124.8,Water,
P.05,20,10/01/2017,124.8,Water,
P.05,20,11/01/2017,124.8,Water,
P.05,20,12/01/2017,124.8,Water,
P.05,20,01/01/2018,124.8,Water,
P.05,20,02/01/2018,124.8,Water,
P.05,20,03/01/2018,124.8,Water,
P.05,20,04/01/2018,124.8,Water,
P.05,20,05/01/2018,141.9,Water,
P.05,20,06/01/2018,141.9,Water,
P.05,20,07/01/2018,141.9,Water,
P.05,20,08/01/2018,141.9,Water,
P.05,20,09/01/2018,141.9,Water,
P.06,20,01/01/2013,97.1,Mining and quarrying,
P.06,20,02/01/2013,97.5,Mining and quarrying,
P.06,20,03/01/2013,94.1,Mining and quarrying,
P.06,20,04/01/2013,95.4,Mining and quarrying,
P.06,20,05/01/2013,95.8,Mining and quarrying,
P.06,20,06/01/2013,95.0,Mining and quarrying,
P.06,20,07/01/2013,98.7,Mining and quarrying,
P.06,20,08/01/2013,96.1,Mining and quarrying,
P.06,20,09/01/2013,95.3,Mining and quarrying,
P.06,20,10/01/2013,96.7,Mining and quarrying,
P.06,20,11/01/2013,96.0,Mining and quarrying,
P.06,20,12/01/2013,100.6,Mining and quarrying,
P.06,20,01/01/2014,102.2,Mining and quarrying,
P.06,20,02/01/2014,101.0,Mining and quarrying,
P.06,20,03/01/2014,100.4,Mining and quarrying,
P.06,20,04/01/2014,100.0,Mining and quarrying,
P.06,20,05/01/2014,101.4,Mining and quarrying,
P.06,20,06/01/2014,102.4,Mining and quarrying,
P.06,20,07/01/2014,102.3,Mining and quarrying,
P.06,20,08/01/2014,101.0,Mining and quarrying,
P.06,20,09/01/2014,97.7,Mining and quarrying,
P.06,20,10/01/2014,95.1,Mining and quarrying,
P.06,20,11/01/2014,97.7,Mining and quarrying,
P.06,20,12/01/2014,98.9,Mining and quarrying,
P.06,20,01/01/2015,96.7,Mining and quarrying,
P.06,20,02/01/2015,96.6,Mining and quarrying,
P.06,20,03/01/2015,95.5,Mining and quarrying,
P.06,20,04/01/2015,96.2,Mining and quarrying,
P.06,20,05/01/2015,97.1,Mining and quarrying,
P.06,20,06/01/2015,93.5,Mining and quarrying,
P.06,20,07/01/2015,91.2,Mining and quarrying,
P.06,20,08/01/2015,95.7,Mining and quarrying,
P.06,20,09/01/2015,96.8,Mining and quarrying,
P.06,20,10/01/2015,97.4,Mining and quarrying,
P.06,20,11/01/2015,97.0,Mining and quarrying,
P.06,20,12/01/2015,101.3,Mining and quarrying,
P.06,20,01/01/2016,103.3,Mining and quarrying,
P.06,20,02/01/2016,104.5,Mining and quarrying,
P.06,20,03/01/2016,105.4,Mining and quarrying,
P.06,20,04/01/2016,110.2,Mining and quarrying,
P.06,20,05/01/2016,108.6,Mining and quarrying,
P.06,20,06/01/2016,108.4,Mining and quarrying,
P.06,20,07/01/2016,110.4,Mining and quarrying,
P.06,20,08/01/2016,111.3,Mining and quarrying,
P.06,20,09/01/2016,108.2,Mining and quarrying,
P.06,20,10/01/2016,105.2,Mining and quarrying,
P.06,20,11/01/2016,107.3,Mining and quarrying,
P.06,20,12/01/2016,107.3,Mining and quarrying,
P.06,20,01/01/2017,109.1,Mining and quarrying,
P.06,20,02/01/2017,109.9,Mining and quarrying,
P.06,20,03/01/2017,109.1,Mining and quarrying,
P.06,20,04/01/2017,109.9,Mining and quarrying,
P.06,20,05/01/2017,110.6,Mining and quarrying,
P.06,20,06/01/2017,148.8,Mining and quarrying,
P.06,20,07/01/2017,154.7,Mining and quarrying,
P.06,20,08/01/2017,155.4,Mining and quarrying,
P.06,20,09/01/2017,121.3,Mining and quarrying,
P.06,20,10/01/2017,112.7,Mining and quarrying,
P.06,20,11/01/2017,112.9,Mining and quarrying,
P.06,20,12/01/2017,110.9,Mining and quarrying,
P.06,20,01/01/2018,138.2,Mining and quarrying,
P.06,20,02/01/2018,137.1,Mining and quarrying,
P.06,20,03/01/2018,113.5,Mining and quarrying,
P.06,20,04/01/2018,118.6,Mining and quarrying,
P.06,20,05/01/2018,109.6,Mining and quarrying,
P.06,20,06/01/2018,113.5,Mining and quarrying,
P.06,20,07/01/2018,116.9,Mining and quarrying,
P.06,20,08/01/2018,112.7,Mining and quarrying,
P.06,20,09/01/2018,120.2,Mining and quarrying,
P.07,20,01/01/2013,91.3,Construction cost index,
P.07,20,02/01/2013,91.9,Construction cost index,
P.07,20,03/01/2013,92.5,Construction cost index,
P.07,20,04/01/2013,92.6,Construction cost index,
P.07,20,05/01/2013,93.0,Construction cost index,
P.07,20,06/01/2013,93.5,Construction cost index,
P.07,20,07/01/2013,94.3,Construction cost index,
P.07,20,08/01/2013,94.9,Construction cost index,
P.07,20,09/01/2013,95.6,Construction cost index,
P.07,20,10/01/2013,96.3,Construction cost index,
P.07,20,11/01/2013,96.4,Construction cost index,
P.07,20,12/01/2013,96.7,Construction cost index,
P.07,20,01/01/2014,97.3,Construction cost index,
P.07,20,02/01/2014,98.8,Construction cost index,
P.07,20,03/01/2014,99.4,Construction cost index,
P.07,20,04/01/2014,99.8,Construction cost index,
P.07,20,05/01/2014,100.2,Construction cost index,
P.07,20,06/01/2014,100.4,Construction cost index,
P.07,20,07/01/2014,100.5,Construction cost index,
P.07,20,08/01/2014,100.6,Construction cost index,
P.07,20,09/01/2014,100.7,Construction cost index,
P.07,20,10/01/2014,101.2,Construction cost index,
P.07,20,11/01/2014,100.7,Construction cost index,
P.07,20,12/01/2014,100.5,Construction cost index,
P.07,20,01/01/2015,100.1,Construction cost index,
P.07,20,02/01/2015,100.3,Construction cost index,
P.07,20,03/01/2015,100.7,Construction cost index,
P.07,20,04/01/2015,101.0,Construction cost index,
P.07,20,05/01/2015,101.1,Construction cost index,
P.07,20,06/01/2015,101.3,Construction cost index,
P.07,20,07/01/2015,101.4,Construction cost index,
P.07,20,08/01/2015,101.0,Construction cost index,
P.07,20,09/01/2015,101.3,Construction cost index,
P.07,20,10/01/2015,98.0,Construction cost index,
P.07,20,11/01/2015,98.0,Construction cost index,
P.07,20,12/01/2015,98.0,Construction cost index,
P.07,20,01/01/2016,102.5,Construction cost index,
P.07,20,02/01/2016,99.9,Construction cost index,
P.07,20,03/01/2016,99.9,Construction cost index,
P.07,20,04/01/2016,100.7,Construction cost index,
P.07,20,05/01/2016,101.1,Construction cost index,
P.07,20,06/01/2016,102.0,Construction cost index,
P.07,20,07/01/2016,102.0,Construction cost index,
P.07,20,08/01/2016,102.7,Construction cost index,
P.07,20,09/01/2016,101.7,Construction cost index,
P.07,20,10/01/2016,102.5,Construction cost index,
P.07,20,11/01/2016,102.9,Construction cost index,
P.07,20,12/01/2016,105.4,Construction cost index,
P.07,20,01/01/2017,105.3,Construction cost index,
P.07,20,02/01/2017,106.3,Construction cost index,
P.07,20,03/01/2017,106.4,Construction cost index,
P.07,20,04/01/2017,106.1,Construction cost index,
P.07,20,05/01/2017,108.9,Construction cost index,
P.07,20,06/01/2017,108.9,Construction cost index,
P.07,20,07/01/2017,109.1,Construction cost index,
P.07,20,08/01/2017,109.9,Construction cost index,
P.07,20,09/01/2017,111.0,Construction cost index,
P.07,20,10/01/2017,111.6,Construction cost index,
P.07,20,11/01/2017,112.4,Construction cost index,
P.07,20,12/01/2017,112.8,Construction cost index,
P.07,20,01/01/2018,113.8,Construction cost index,
P.07,20,02/01/2018,112.6,Construction cost index,
P.07,20,03/01/2018,113.1,Construction cost index,
P.07,20,04/01/2018,113.2,Construction cost index,
P.07,20,05/01/2018,113.7,Construction cost index,
P.07,20,06/01/2018,113.9,Construction cost index,
P.07,20,07/01/2018,114.0,Construction cost index,
P.07,20,08/01/2018,114.2,Construction cost index,
P.07,20,09/01/2018,114.3,Construction cost index,
XPI01,20,01/01/2013,85.3,"Export price index, goods",
XPI01,20,02/01/2013,85.8,"Export price index, goods",
XPI01,20,03/01/2013,85.4,"Export price index, goods",
XPI01,20,04/01/2013,85.9,"Export price index, goods",
XPI01,20,05/01/2013,86.3,"Export price index, goods",
XPI01,20,06/01/2013,86.5,"Export price index, goods",
XPI01,20,07/01/2013,87.8,"Export price index, goods",
XPI01,20,08/01/2013,87.5,"Export price index, goods",
XPI01,20,09/01/2013,87.7,"Export price index, goods",
XPI01,20,10/01/2013,88.4,"Export price index, goods",
XPI01,20,11/01/2013,88.3,"Export price index, goods",
XPI01,20,12/01/2013,89.7,"Export price index, goods",
XPI01,20,01/01/2014,90.5,"Export price index, goods",
XPI01,20,02/01/2014,91.1,"Export price index, goods",
XPI01,20,03/01/2014,91.8,"Export price index, goods",
XPI01,20,04/01/2014,92.2,"Export price index, goods",
XPI01,20,05/01/2014,92.7,"Export price index, goods",
XPI01,20,06/01/2014,93.0,"Export price index, goods",
XPI01,20,07/01/2014,93.3,"Export price index, goods",
XPI01,20,08/01/2014,93.1,"Export price index, goods",
XPI01,20,09/01/2014,92.4,"Export price index, goods",
XPI01,20,10/01/2014,92.2,"Export price index, goods",
XPI01,20,11/01/2014,92.7,"Export price index, goods",
XPI01,20,12/01/2014,93.0,"Export price index, goods",
XPI01,20,01/01/2015,92.2,"Export price index, goods",
XPI01,20,02/01/2015,92.5,"Export price index, goods",
XPI01,20,03/01/2015,92.9,"Export price index, goods",
XPI01,20,04/01/2015,93.3,"Export price index, goods",
XPI01,20,05/01/2015,94.0,"Export price index, goods",
XPI01,20,06/01/2015,93.1,"Export price index, goods",
XPI01,20,07/01/2015,92.7,"Export price index, goods",
XPI01,20,08/01/2015,93.7,"Export price index, goods",
XPI01,20,09/01/2015,94.3,"Export price index, goods",
XPI01,20,10/01/2015,93.6,"Export price index, goods",
XPI01,20,11/01/2015,93.6,"Export price index, goods",
XPI01,20,12/01/2015,94.8,"Export price index, goods",
XPI01,20,01/01/2016,97.4,"Export price index, goods",
XPI01,20,02/01/2016,97.3,"Export price index, goods",
XPI01,20,03/01/2016,98.0,"Export price index, goods",
XPI01,20,04/01/2016,99.6,"Export price index, goods",
XPI01,20,05/01/2016,99.6,"Export price index, goods",
XPI01,20,06/01/2016,100.0,"Export price index, goods",
XPI01,20,07/01/2016,101.0,"Export price index, goods",
XPI01,20,08/01/2016,101.8,"Export price index, goods",
XPI01,20,09/01/2016,100.7,"Export price index, goods",
XPI01,20,10/01/2016,100.7,"Export price index, goods",
XPI01,20,11/01/2016,101.5,"Export price index, goods",
XPI01,20,12/01/2016,102.5,"Export price index, goods",
XPI01,20,01/01/2017,100.9,"Export price index, goods",
XPI01,20,02/01/2017,101.4,"Export price index, goods",
XPI01,20,03/01/2017,101.5,"Export price index, goods",
XPI01,20,04/01/2017,101.7,"Export price index, goods",
XPI01,20,05/01/2017,102.8,"Export price index, goods",
XPI01,20,06/01/2017,101.9,"Export price index, goods",
XPI01,20,07/01/2017,101.8,"Export price index, goods",
XPI01,20,08/01/2017,102.5,"Export price index, goods",
XPI01,20,09/01/2017,102.8,"Export price index, goods",
XPI01,20,10/01/2017,102.8,"Export price index, goods",
XPI01,20,11/01/2017,104.2,"Export price index, goods",
XPI01,20,12/01/2017,104.4,"Export price index, goods",
XPI01,20,01/01/2018,102.8,"Export price index, goods",
XPI01,20,02/01/2018,101.0,"Export price index, goods",
XPI01,20,03/01/2018,100.6,"Export price index, goods",
XPI01,20,04/01/2018,100.5,"Export price index, goods",
XPI01,20,05/01/2018,101.9,"Export price index, goods",
XPI01,20,06/01/2018,102.9,"Export price index, goods",
XPI01,20,07/01/2018,105.0,"Export price index, goods",
XPI01,20,08/01/2018,105.3,"Export price index, goods",
XPI01,20,09/01/2018,105.9,"Export price index, goods",
MPI01,20,01/01/2013,83.1,"Import price index, goods",
MPI01,20,02/01/2013,84.0,"Import price index, goods",
MPI01,20,03/01/2013,84.8,"Import price index, goods",
MPI01,20,04/01/2013,85.2,"Import price index, goods",
MPI01,20,05/01/2013,85.3,"Import price index, goods",
MPI01,20,06/01/2013,86.0,"Import price index, goods",
MPI01,20,07/01/2013,86.8,"Import price index, goods",
MPI01,20,08/01/2013,88.0,"Import price index, goods",
MPI01,20,09/01/2013,89.1,"Import price index, goods",
MPI01,20,10/01/2013,90.4,"Import price index, goods",
MPI01,20,11/01/2013,91.8,"Import price index, goods",
MPI01,20,12/01/2013,92.8,"Import price index, goods",
MPI01,20,01/01/2014,93.8,"Import price index, goods",
MPI01,20,02/01/2014,95.0,"Import price index, goods",
MPI01,20,03/01/2014,96.1,"Import price index, goods",
MPI01,20,04/01/2014,96.8,"Import price index, goods",
MPI01,20,05/01/2014,97.1,"Import price index, goods",
MPI01,20,06/01/2014,97.4,"Import price index, goods",
MPI01,20,07/01/2014,97.2,"Import price index, goods",
MPI01,20,08/01/2014,96.8,"Import price index, goods",
MPI01,20,09/01/2014,96.9,"Import price index, goods",
MPI01,20,10/01/2014,97.1,"Import price index, goods",
MPI01,20,11/01/2014,96.8,"Import price index, goods",
MPI01,20,12/01/2014,96.8,"Import price index, goods",
MPI01,20,01/01/2015,96.4,"Import price index, goods",
MPI01,20,02/01/2015,96.4,"Import price index, goods",
MPI01,20,03/01/2015,96.8,"Import price index, goods",
MPI01,20,04/01/2015,97.4,"Import price index, goods",
MPI01,20,05/01/2015,97.7,"Import price index, goods",
MPI01,20,06/01/2015,97.8,"Import price index, goods",
MPI01,20,07/01/2015,98.1,"Import price index, goods",
MPI01,20,08/01/2015,98.1,"Import price index, goods",
MPI01,20,09/01/2015,98.3,"Import price index, goods",
MPI01,20,10/01/2015,98.1,"Import price index, goods",
MPI01,20,11/01/2015,98.4,"Import price index, goods",
MPI01,20,12/01/2015,99.1,"Import price index, goods",
MPI01,20,01/01/2016,101.4,"Import price index, goods",
MPI01,20,02/01/2016,101.3,"Import price index, goods",
MPI01,20,03/01/2016,100.6,"Import price index, goods",
MPI01,20,04/01/2016,100.4,"Import price index, goods",
MPI01,20,05/01/2016,99.7,"Import price index, goods",
MPI01,20,06/01/2016,101.2,"Import price index, goods",
MPI01,20,07/01/2016,100.6,"Import price index, goods",
MPI01,20,08/01/2016,99.3,"Import price index, goods",
MPI01,20,09/01/2016,98.8,"Import price index, goods",
MPI01,20,10/01/2016,98.9,"Import price index, goods",
MPI01,20,11/01/2016,98.6,"Import price index, goods",
MPI01,20,12/01/2016,99.3,"Import price index, goods",
MPI01,20,01/01/2017,99.9,"Import price index, goods",
MPI01,20,02/01/2017,100.4,"Import price index, goods",
MPI01,20,03/01/2017,100.5,"Import price index, goods",
MPI01,20,04/01/2017,100.7,"Import price index, goods",
MPI01,20,05/01/2017,101.8,"Import price index, goods",
MPI01,20,06/01/2017,100.9,"Import price index, goods",
MPI01,20,07/01/2017,100.8,"Import price index, goods",
MPI01,20,08/01/2017,101.5,"Import price index, goods",
MPI01,20,09/01/2017,101.8,"Import price index, goods",
MPI01,20,10/01/2017,101.8,"Import price index, goods",
MPI01,20,11/01/2017,103.2,"Import price index, goods",
MPI01,20,12/01/2017,103.4,"Import price index, goods",
MPI01,20,01/01/2018,101.8,"Import price index, goods",
MPI01,20,02/01/2018,100.0,"Import price index, goods",
MPI01,20,03/01/2018,99.6,"Import price index, goods",
MPI01,20,04/01/2018,99.5,"Import price index, goods",
MPI01,20,05/01/2018,100.9,"Import price index, goods",
MPI01,20,06/01/2018,101.9,"Import price index, goods",
MPI01,20,07/01/2018,104.0,"Import price index, goods",
MPI01,20,08/01/2018,104.3,"Import price index, goods",
MPI01,20,09/01/2018,104.9,"Import price index, goods",
MPI04,20,01/01/2013,76.6,"Import price index, machinery",
MPI04,20,02/01/2013,77.7,"Import price index, machinery",
MPI04,20,03/01/2013,78.5,"Import price index, machinery",
MPI04,20,04/01/2013,79.1,"Import price index, machinery",
MPI04,20,05/01/2013,79.1,"Import price index, machinery",
MPI04,20,06/01/2013,79.3,"Import price index, machinery",
MPI04,20,07/01/2013,80.7,"Import price index, machinery",
MPI04,20,08/01/2013,82.4,"Import price index, machinery",
MPI04,20,09/01/2013,82.6,"Import price index, machinery",
MPI04,20,10/01/2013,82.7,"Import price index, machinery",
MPI04,20,11/01/2013,82.8,"Import price index, machinery",
MPI04,20,12/01/2013,83.2,"Import price index, machinery",
MPI04,20,01/01/2014,84.8,"Import price index, machinery",
MPI04,20,02/01/2014,86.0,"Import price index, machinery",
MPI04,20,03/01/2014,86.0,"Import price index, machinery",
MPI04,20,04/01/2014,86.7,"Import price index, machinery",
MPI04,20,05/01/2014,87.4,"Import price index, machinery",
MPI04,20,06/01/2014,87.8,"Import price index, machinery",
MPI04,20,07/01/2014,88.0,"Import price index, machinery",
MPI04,20,08/01/2014,88.2,"Import price index, machinery",
MPI04,20,09/01/2014,88.8,"Import price index, machinery",
MPI04,20,10/01/2014,89.2,"Import price index, machinery",
MPI04,20,11/01/2014,89.1,"Import price index, machinery",
MPI04,20,12/01/2014,89.3,"Import price index, machinery",
MPI04,20,01/01/2015,89.8,"Import price index, machinery",
MPI04,20,02/01/2015,89.9,"Import price index, machinery",
MPI04,20,03/01/2015,89.8,"Import price index, machinery",
MPI04,20,04/01/2015,90.2,"Import price index, machinery",
MPI04,20,05/01/2015,90.4,"Import price index, machinery",
MPI04,20,06/01/2015,90.7,"Import price index, machinery",
MPI04,20,07/01/2015,90.4,"Import price index, machinery",
MPI04,20,08/01/2015,91.3,"Import price index, machinery",
MPI04,20,09/01/2015,93.1,"Import price index, machinery",
MPI04,20,10/01/2015,95.2,"Import price index, machinery",
MPI04,20,11/01/2015,95.2,"Import price index, machinery",
MPI04,20,12/01/2015,95.6,"Import price index, machinery",
MPI04,20,01/01/2016,97.7,"Import price index, machinery",
MPI04,20,02/01/2016,98.5,"Import price index, machinery",
MPI04,20,03/01/2016,101.3,"Import price index, machinery",
MPI04,20,04/01/2016,101.3,"Import price index, machinery",
MPI04,20,05/01/2016,100.6,"Import price index, machinery",
MPI04,20,06/01/2016,100.5,"Import price index, machinery",
MPI04,20,07/01/2016,100.3,"Import price index, machinery",
MPI04,20,08/01/2016,100.0,"Import price index, machinery",
MPI04,20,09/01/2016,99.5,"Import price index, machinery",
MPI04,20,10/01/2016,100.0,"Import price index, machinery",
MPI04,20,11/01/2016,100.7,"Import price index, machinery",
MPI04,20,12/01/2016,99.6,"Import price index, machinery",
MPI04,20,01/01/2017,98.6,"Import price index, machinery",
MPI04,20,02/01/2017,98.7,"Import price index, machinery",
MPI04,20,03/01/2017,99.1,"Import price index, machinery",
MPI04,20,04/01/2017,98.7,"Import price index, machinery",
MPI04,20,05/01/2017,99.2,"Import price index, machinery",
MPI04,20,06/01/2017,99.1,"Import price index, machinery",
MPI04,20,07/01/2017,99.5,"Import price index, machinery",
MPI04,20,08/01/2017,98.0,"Import price index, machinery",
MPI04,20,09/01/2017,98.2,"Import price index, machinery",
MPI04,20,10/01/2017,99.9,"Import price index, machinery",
MPI04,20,11/01/2017,101.3,"Import price index, machinery",
MPI04,20,12/01/2017,101.3,"Import price index, machinery",
MPI04,20,01/01/2018,100.5,"Import price index, machinery",
MPI04,20,02/01/2018,100.3,"Import price index, machinery",
MPI04,20,03/01/2018,99.6,"Import price index, machinery",
MPI04,20,04/01/2018,100.5,"Import price index, machinery",
MPI04,20,05/01/2018,100.3,"Import price index, machinery",
MPI04,20,06/01/2018,100.7,"Import price index, machinery",
MPI04,20,07/01/2018,101.4,"Import price index, machinery",
MPI04,20,08/01/2018,101.5,"Import price index, machinery",
MPI04,20,09/01/2018,102.4,"Import price index, machinery",
MPI05,20,01/01/2013,81.2,"Import price index, transport equipment",
MPI05,20,02/01/2013,81.2,"Import price index, transport equipment",
MPI05,20,03/01/2013,81.2,"Import price index, transport equipment",
MPI05,20,04/01/2013,81.9,"Import price index, transport equipment",
MPI05,20,05/01/2013,81.9,"Import price index, transport equipment",
MPI05,20,06/01/2013,82.2,"Import price index, transport equipment",
MPI05,20,07/01/2013,83.2,"Import price index, transport equipment",
MPI05,20,08/01/2013,83.2,"Import price index, transport equipment",
MPI05,20,09/01/2013,83.2,"Import price index, transport equipment",
MPI05,20,10/01/2013,84.9,"Import price index, transport equipment",
MPI05,20,11/01/2013,84.9,"Import price index, transport equipment",
MPI05,20,12/01/2013,84.9,"Import price index, transport equipment",
MPI05,20,01/01/2014,85.9,"Import price index, transport equipment",
MPI05,20,02/01/2014,86.2,"Import price index, transport equipment",
MPI05,20,03/01/2014,86.4,"Import price index, transport equipment",
MPI05,20,04/01/2014,87.7,"Import price index, transport equipment",
MPI05,20,05/01/2014,88.7,"Import price index, transport equipment",
MPI05,20,06/01/2014,88.7,"Import price index, transport equipment",
MPI05,20,07/01/2014,89.4,"Import price index, transport equipment",
MPI05,20,08/01/2014,89.4,"Import price index, transport equipment",
MPI05,20,09/01/2014,89.4,"Import price index, transport equipment",
MPI05,20,10/01/2014,89.1,"Import price index, transport equipment",
MPI05,20,11/01/2014,89.8,"Import price index, transport equipment",
MPI05,20,12/01/2014,90.5,"Import price index, transport equipment",
MPI05,20,01/01/2015,89.2,"Import price index, transport equipment",
MPI05,20,02/01/2015,89.3,"Import price index, transport equipment",
MPI05,20,03/01/2015,89.7,"Import price index, transport equipment",
MPI05,20,04/01/2015,89.8,"Import price index, transport equipment",
MPI05,20,05/01/2015,89.8,"Import price index, transport equipment",
MPI05,20,06/01/2015,89.8,"Import price index, transport equipment",
MPI05,20,07/01/2015,90.1,"Import price index, transport equipment",
MPI05,20,08/01/2015,92.1,"Import price index, transport equipment",
MPI05,20,09/01/2015,90.0,"Import price index, transport equipment",
MPI05,20,10/01/2015,90.0,"Import price index, transport equipment",
MPI05,20,11/01/2015,90.1,"Import price index, transport equipment",
MPI05,20,12/01/2015,92.7,"Import price index, transport equipment",
MPI05,20,01/01/2016,103.9,"Import price index, transport equipment",
MPI05,20,02/01/2016,103.1,"Import price index, transport equipment",
MPI05,20,03/01/2016,102.7,"Import price index, transport equipment",
MPI05,20,04/01/2016,100.9,"Import price index, transport equipment",
MPI05,20,05/01/2016,103.0,"Import price index, transport equipment",
MPI05,20,06/01/2016,102.8,"Import price index, transport equipment",
MPI05,20,07/01/2016,98.7,"Import price index, transport equipment",
MPI05,20,08/01/2016,97.9,"Import price index, transport equipment",
MPI05,20,09/01/2016,95.8,"Import price index, transport equipment",
MPI05,20,10/01/2016,95.1,"Import price index, transport equipment",
MPI05,20,11/01/2016,94.1,"Import price index, transport equipment",
MPI05,20,12/01/2016,101.9,"Import price index, transport equipment",
MPI05,20,01/01/2017,99.7,"Import price index, transport equipment",
MPI05,20,02/01/2017,98.8,"Import price index, transport equipment",
MPI05,20,03/01/2017,96.7,"Import price index, transport equipment",
MPI05,20,04/01/2017,97.8,"Import price index, transport equipment",
MPI05,20,05/01/2017,100.3,"Import price index, transport equipment",
MPI05,20,06/01/2017,98.6,"Import price index, transport equipment",
MPI05,20,07/01/2017,99.8,"Import price index, transport equipment",
MPI05,20,08/01/2017,101.4,"Import price index, transport equipment",
MPI05,20,09/01/2017,101.8,"Import price index, transport equipment",
MPI05,20,10/01/2017,103.5,"Import price index, transport equipment",
MPI05,20,11/01/2017,102.4,"Import price index, transport equipment",
MPI05,20,12/01/2017,100.1,"Import price index, transport equipment",
MPI05,20,01/01/2018,110.7,"Import price index, transport equipment",
MPI05,20,02/01/2018,111.4,"Import price index, transport equipment",
MPI05,20,03/01/2018,111.0,"Import price index, transport equipment",
MPI05,20,04/01/2018,111.7,"Import price index, transport equipment",
MPI05,20,05/01/2018,112.2,"Import price index, transport equipment",
MPI05,20,06/01/2018,113.5,"Import price index, transport equipment",
MPI05,20,07/01/2018,115.0,"Import price index, transport equipment",
MPI05,20,08/01/2018,116.9,"Import price index, transport equipment",
MPI05,20,09/01/2018,119.7,"Import price index, transport equipment",
MPI11,20,01/01/2013,82.2,"Import price index, services",
MPI11,20,02/01/2013,83.0,"Import price index, services",
MPI11,20,03/01/2013,84.0,"Import price index, services",
MPI11,20,04/01/2013,84.3,"Import price index, services",
MPI11,20,05/01/2013,84.1,"Import price index, services",
MPI11,20,06/01/2013,84.3,"Import price index, services",
MPI11,20,07/01/2013,85.2,"Import price index, services",
MPI11,20,08/01/2013,85.5,"Import price index, services",
MPI11,20,09/01/2013,85.9,"Import price index, services",
MPI11,20,10/01/2013,86.1,"Import price index, services",
MPI11,20,11/01/2013,86.2,"Import price index, services",
MPI11,20,12/01/2013,86.4,"Import price index, services",
MPI11,20,01/01/2014,87.0,"Import price index, services",
MPI11,20,02/01/2014,87.9,"Import price index, services",
MPI11,20,03/01/2014,89.1,"Import price index, services",
MPI11,20,04/01/2014,89.5,"Import price index, services",
MPI11,20,05/01/2014,89.6,"Import price index, services",
MPI11,20,06/01/2014,89.9,"Import price index, services",
MPI11,20,07/01/2014,90.7,"Import price index, services",
MPI11,20,08/01/2014,91.0,"Import price index, services",
MPI11,20,09/01/2014,91.0,"Import price index, services",
MPI11,20,10/01/2014,91.2,"Import price index, services",
MPI11,20,11/01/2014,91.2,"Import price index, services",
MPI11,20,12/01/2014,91.0,"Import price index, services",
MPI11,20,01/01/2015,90.9,"Import price index, services",
MPI11,20,02/01/2015,91.4,"Import price index, services",
MPI11,20,03/01/2015,92.7,"Import price index, services",
MPI11,20,04/01/2015,93.5,"Import price index, services",
MPI11,20,05/01/2015,93.7,"Import price index, services",
MPI11,20,06/01/2015,94.1,"Import price index, services",
MPI11,20,07/01/2015,95.2,"Import price index, services",
MPI11,20,08/01/2015,95.2,"Import price index, services",
MPI11,20,09/01/2015,95.2,"Import price index, services",
MPI11,20,10/01/2015,95.4,"Import price index, services",
MPI11,20,11/01/2015,95.5,"Import price index, services",
MPI11,20,12/01/2015,95.8,"Import price index, services",
MPI11,20,01/01/2016,96.5,"Import price index, services",
MPI11,20,02/01/2016,97.8,"Import price index, services",
MPI11,20,03/01/2016,98.5,"Import price index, services",
MPI11,20,04/01/2016,99.4,"Import price index, services",
MPI11,20,05/01/2016,99.6,"Import price index, services",
MPI11,20,06/01/2016,100.1,"Import price index, services",
MPI11,20,07/01/2016,100.9,"Import price index, services",
MPI11,20,08/01/2016,100.8,"Import price index, services",
MPI11,20,09/01/2016,101.0,"Import price index, services",
MPI11,20,10/01/2016,101.5,"Import price index, services",
MPI11,20,11/01/2016,101.8,"Import price index, services",
MPI11,20,12/01/2016,102.2,"Import price index, services",
MPI11,20,01/01/2017,102.8,"Import price index, services",
MPI11,20,02/01/2017,104.0,"Import price index, services",
MPI11,20,03/01/2017,104.6,"Import price index, services",
MPI11,20,04/01/2017,104.7,"Import price index, services",
MPI11,20,05/01/2017,105.0,"Import price index, services",
MPI11,20,06/01/2017,105.2,"Import price index, services",
MPI11,20,07/01/2017,105.5,"Import price index, services",
MPI11,20,08/01/2017,105.6,"Import price index, services",
MPI11,20,09/01/2017,106.1,"Import price index, services",
MPI11,20,10/01/2017,106.4,"Import price index, services",
MPI11,20,11/01/2017,106.5,"Import price index, services",
MPI11,20,12/01/2017,107.0,"Import price index, services",
MPI11,20,01/01/2018,107.3,"Import price index, services",
MPI11,20,02/01/2018,108.1,"Import price index, services",
MPI11,20,03/01/2018,108.6,"Import price index, services",
MPI11,20,04/01/2018,109.4,"Import price index, services",
MPI11,20,05/01/2018,109.6,"Import price index, services",
MPI11,20,06/01/2018,110.0,"Import price index, services",
MPI11,20,07/01/2018,110.9,"Import price index, services",
MPI11,20,08/01/2018,110.8,"Import price index, services",
MPI11,20,09/01/2018,111.2,"Import price index, services",
